id,ageInDays,ageInDaysForYear,ageInYears,amateurClubName,amateurLeague,birthDate,birthPlace,countryCode,csPlayerId,draftDate,draftMasterId,draftYear,draftedByTeamId,firstName,height,lastName,notes,overallPickNumber,pickInRound,playerId,playerName,position,removedOutright,removedOutrightWhy,roundNumber,shootsCatches,supplementalDraft,teamPickHistory,triCode,weight
7305,7341.0,36.0,20.0,Boston University,NCAA,1950-05-06,"Chatham, ON  CAN",CAN,,1970-06-11,8,1970,10,Bob,73.0,Gryp,,50,8,8446654,Bob Gryp,LW,N,,4,L,N,TOR,TOR,190.0
7335,7115.0,175.0,19.0,Boston University,NCAA,1950-12-18,"Toronto, ON  CAN",CAN,,1970-06-11,8,1970,8,Robert,73.0,Brown,,80,10,,Robert Brown,D,N,,6,R,N,MTL,MTL,185.0
7339,7470.0,165.0,20.0,Boston University,NCAA,1949-12-28,"Providence, RI  USA",USA,,1970-06-11,8,1970,7,Tim,75.0,Regan,,84,1,,Tim Regan,G,N,,7,L,N,BUF,BUF,188.0
7360,7377.0,72.0,20.0,Boston University,NCAA,1950-03-31,"Toronto, ON  CAN",CAN,,1970-06-11,8,1970,8,Richard,75.0,Jordan,,106,10,8456752,Richard Jordan,LW,N,,8,L,N,MTL,MTL,196.0
7706,7204.0,264.0,19.0,Boston University,NCAA,1953-08-24,"Charlestown, MA  USA",USA,,1973-05-15,11,1973,23,Paul,73.0,O'Neil,,67,3,8448059,Paul O'Neil,C,N,,5,R,N,VAN,VAN,185.0
7925,7374.0,69.0,20.0,Boston University,NCAA,1954-03-21,"Boston, MA  USA",USA,,1974-05-29,12,1974,47,Peter,74.0,Brown,,118,10,,Peter Brown,D,N,,7,R,N,AFM,AFM,180.0
8188,7336.0,31.0,20.0,Salem State College,NCAA,1955-05-03,"Auburn, MA  USA",USA,,1975-06-03,13,1975,19,Dick,73.0,Lamby,,135,9,8448652,Dick Lamby,D,N,,8,R,N,STL,STL,200.0
8261,7277.0,337.0,19.0,U. of New Hampshire,NCAA,1955-07-01,"Manchester, NH  USA",USA,,1975-06-03,13,1975,3,John,72.0,Corriveau,,209,1,8455939,John Corriveau,RW,N,,15,,N,NYR,NYR,194.0
8310,7226.0,287.0,19.0,Boston University,NCAA,1956-08-19,"Everett, MA  USA",USA,,1976-06-01,14,1976,56,Mike,71.0,Fidler,,41,5,8446819,Mike Fidler,LW,N,,3,L,N,CGS,CGS,195.0
8476,7319.0,14.0,20.0,Boston University,NCAA,1957-05-31,"North Easton, ME  USA",USA,,1977-06-14,15,1977,47,Jim,72.0,Craig,,72,18,8446212,Jim Craig,G,N,,4,L,N,AFM,AFM,189.0
8500,7265.0,325.0,19.0,Boston University,NCAA,1957-07-24,"Charlestown, MA  USA",USA,,1977-06-14,15,1977,16,Jack,72.0,O'Callahan,,96,6,8449949,Jack O'Callahan,D,N,,6,R,N,CHI,CHI,187.0
8502,7455.0,150.0,20.0,Boston University,NCAA,1957-01-15,"Montreal, QC  CAN",CAN,,1977-06-14,15,1977,3,John,71.0,Bethel,,98,8,8445454,John Bethel,LW,N,,6,L,N,NYR,NYR,185.0
8586,7386.0,81.0,20.0,Boston University,NCAA,1957-03-25,"Pointe-Claire, QC  CAN",CAN,,1977-06-14,15,1977,8,Robert,71.0,Boileau,,182,2,8445586,Robert Boileau,LW,N,,15,L,N,MTL,MTL,180.0
8648,7470.0,165.0,20.0,Boston University,NCAA,1958-01-01,"Situate, MA  USA",USA,,1978-06-15,16,1978,3,Dave,70.0,Silk,,59,6,8451361,Dave Silk,RW,N,,4,R,N,NYR,NYR,189.0
8674,6700.0,125.0,18.0,Boston University,NCAA,1960-02-10,"Charlestown, MA  USA",USA,,1978-06-15,16,1978,6,Darryl,70.0,McLeod,,85,16,,Darryl McLeod,LW,N,,5,,N,BOS,BOS,185.0
8729,,,,Boston University,NCAA,,"Belleville, ON  CAN",CAN,,1978-06-15,16,1978,19,Tony,69.0,Meagher,,140,3,8457344,Tony Meagher,RW,N,,9,R,N,STL,STL,165.0
8800,7444.0,139.0,20.0,Oshawa Generals,OHA,1958-01-27,"Toronto, ON  CAN",CAN,,1978-06-15,16,1978,19,Mike,74.0,Pidgeon,,211,10,8457673.0,Mike Pidgeon,C,N,,13,L,N,STL,STL,188.0
8806,7365.0,60.0,20.0,Boston University,NCAA,1958-04-16,"Newton, MA  USA",USA,,1978-06-15,16,1978,3,Todd,70.0,Johnson,,217,5,8456738,Todd Johnson,C,N,,14,L,N,NYR,NYR,175.0
8884,7286.0,346.0,19.0,Boston University,NCAA,1959-08-28,"Everett, MA  USA",USA,,1979-08-09,17,1979,33,William,73.0,Whelton,,61,20,8452419,William Whelton,D,N,,3,L,N,WIN,WIN,185.0
9278,6926.0,351.0,18.0,Boston University,NCAA,1962-06-24,"Brookline, MA  USA",USA,,1981-06-10,19,1981,6,Bruce,75.0,Milton,,119,14,8457395,Bruce Milton,D,N,,6,,N,BOS,BOS,196.0
9517,6619.0,45.0,18.0,Winthrop H.S.,Mass.,1964-04-25,"Winthrop, MA  USA",USA,,1982-06-09,20,1982,2,John,71.0,Tiano,,147,21,8458218,John Tiano,C,N,,7,,N,NYI,NYI,185.0
9741,6525.0,316.0,17.0,St. Albert Saints,AJHL,1965-07-27,"Edmonton, AB  CAN",CAN,,1983-06-08,21,1983,6,Terry,72.0,Taillefer,,122,20,8451842,Terry Taillefer,G,N,,6,L,N,BOS,BOS,174.0
9784,6650.0,76.0,18.0,Mount St. Charles H.S.,R.I.,1965-03-24,"Providence, RI  USA",USA,,1983-06-08,21,1983,1,Jay,70.0,Octeau,,165,3,8457565,Jay Octeau,D,N,,9,R,N,NJD,NJD,180.0
9811,7077.0,137.0,19.0,St. John's Prep,HIGH-MA,1964-01-22,"Newport, RI  USA",USA,,1983-06-08,21,1983,32,Scott,75.0,Shaunessy,,192,10,8451330,Scott Shaunessy,RW,N,,10,L,N,QUE,QUE,220.0
9874,6524.0,315.0,17.0,Kent H.S.,Conn.,1966-07-30,"Cranston, RI  USA",USA,,1984-06-09,22,1984,31,David,72.0,Quinn,,13,13,8457744,David Quinn,D,N,,1,L,N,MNS,MNS,205.0
9959,6774.0,200.0,18.0,Stratford Jr. A,OHA,1965-11-22,"Providence, RI  USA",USA,,1984-06-09,22,1984,3,Clark,70.0,Donatelli,,98,14,8446452,Clark Donatelli,LW,N,,5,L,N,NYR,NYR,180.0
9988,6723.0,149.0,18.0,Newton North H.S.,Mass.,1966-01-12,"West Newton, MA  USA",USA,,1984-06-09,22,1984,5,Tom,70.0,Ryan,,127,1,8457898,Tom Ryan,D,N,,7,R,N,PIT,PIT,169.0
10043,6683.0,109.0,18.0,HIFK Helsinki,FINLAND,1966-02-21,"Alajarvi, Finland",FIN,,1984-06-09,22,1984,3,Ville,70.0,Kentala,,182,14,8456822,Ville Kentala,LW,N,,9,L,N,NYR,NYR,187.0
10059,6939.0,365.0,18.0,Boston University,NCAA,1965-06-10,"Revere, MA  USA",USA,,1984-06-09,22,1984,23,Ed,74.0,Lowney,,199,10,8457109,Ed Lowney,RW,N,,10,R,N,VAN,VAN,182.0
10208,6705.0,130.0,18.0,Boston University,NCAA,1967-02-05,"Sherwood Park, AB  CAN",CAN,,1985-06-15,23,1985,2,Jeff,71.0,Sveen,,97,13,8458162,Jeff Sveen,C,N,,5,R,N,NYI,NYI,170.0
10243,6739.0,164.0,18.0,St. John's Prep,HIGH-MA,1967-01-02,"Peabody, MA  USA",USA,,1985-06-15,23,1985,31,Michael,70.0,Kelfer,,132,6,8456804,Michael Kelfer,RW,N,,7,R,N,MNS,MNS,180.0
10302,6614.0,39.0,18.0,Reading H.S.,Mass.,1967-05-07,"Reading, MA  USA",USA,,1985-06-15,23,1985,5,Steve,76.0,Shaunessy,,191,2,8457997,Steve Shaunessy,D,N,,10,L,N,PIT,PIT,220.0
10341,6723.0,148.0,18.0,Notre Dame H.S.,Sask.,1967-01-18,"Maryston, NL  CAN",CAN,,1985-06-15,23,1985,22,Peter,72.0,Headon,,230,20,8456543,Peter Headon,LW,N,,11,L,N,EDM,EDM,189.0
10374,6838.0,263.0,18.0,Boston University,NCAA,1967-10-01,"Clinton, MA  USA",USA,,1986-06-21,24,1986,34,Scott,73.0,Young,,11,11,8452569,Scott Young,RW,N,,1,R,N,HFD,HFD,200.0
10460,6605.0,31.0,18.0,St. Albert Saints,AJHL,1968-05-21,"Edmonton, AB  CAN",CAN,,1986-06-21,24,1986,6,Matthew,74.0,Pesklewis,,97,13,8457662,Matthew Pesklewis,LW,N,,5,,N,BOS,BOS,185.0
10489,6921.0,346.0,18.0,Boston University,NCAA,1967-07-10,"Edmonton, AB  CAN",CAN,,1986-06-21,24,1986,22,Jim,72.0,Ennis,,126,21,8446683,Jim Ennis,D,N,,6,L,N,EDM,EDM,200.0
10570,6881.0,306.0,18.0,Canterbury H.S.,Conn.,1967-08-19,"St. Charles, IL  USA",USA,,1986-06-21,24,1986,32,Chris,72.0,Lappin,,207,18,8456978,Chris Lappin,D,N,,10,,N,QUE,QUE,190.0
10684,7046.0,106.0,19.0,Boston University,NCAA,1968-02-27,"Marshfield, MA  USA",USA,,1987-06-13,26,1987,3,Mike,74.0,Sullivan,,69,6,8458155,Mike Sullivan,C,N,,4,L,N,NYR,NYR,211.0
10686,6703.0,129.0,18.0,Medford H.S.,Mass.,1969-02-04,"Medford, MA  USA",USA,,1987-06-13,26,1987,10,Joe,73.0,Sacco,,71,8,8451093,Joe Sacco,LW,N,,4,L,N,TOR,TOR,190.0
10699,7067.0,127.0,19.0,New Hampton Prep,N.H.,1968-02-06,"Pawtucket, RI  USA",USA,,1987-06-13,26,1987,7,John,72.0,Bradley,,84,21,8455683,John Bradley,G,N,,4,L,N,BUF,BUF,165.0
10725,6679.0,105.0,18.0,Matignon H.S.,Mass.,1969-02-28,"Waltham, MA  USA",USA,,1987-06-13,26,1987,5,Shawn,71.0,McEachern,,110,5,8457297,Shawn McEachern,LW,N,,6,L,N,PIT,PIT,200.0
10788,6700.0,126.0,18.0,New Prep School,Mass.,1969-02-07,"Randolph, MA  USA",USA,,1987-06-13,26,1987,5,Jack,70.0,MacDougall,,173,5,8457137,Jack MacDougall,RW,N,,9,R,N,PIT,PIT,194.0
10810,7009.0,70.0,19.0,Boston University,NCAA,1968-04-04,"Arlington, MA  USA",USA,,1987-06-13,26,1987,26,John,,Preston,,195,6,8457728,John Preston,C,N,,10,,N,LAK,LAK,
10842,7023.0,84.0,19.0,Phillips Academy,Mass.,1968-03-21,"Quincy, MA  USA",USA,,1987-06-13,26,1987,8,Ed,72.0,Ronan,,227,17,8457849,Ed Ronan,RW,N,,11,R,N,MTL,MTL,197.0
10854,6719.0,145.0,18.0,Northwood Prep,N.Y.,1969-01-19,"Chicago, IL  USA",USA,,1987-06-13,26,1987,16,Michael,70.0,Lappin,,239,8,8456979,Michael Lappin,C,N,,12,L,N,CHI,CHI,175.0
10935,6523.0,314.0,17.0,Thayer Academy,Mass.,1970-08-02,"Hingham, MA  USA",USA,,1988-06-11,28,1988,3,Tony,72.0,Amonte,,68,5,8455429,Tony Amonte,RW,N,,4,L,N,NYR,NYR,202.0
10989,7002.0,62.0,19.0,Boston University,NCAA,1969-04-10,"Vancouver, BC  CAN",CAN,,1988-06-11,28,1988,23,Philip,73.0,Von Stefenelli,,122,17,8458327,Philip Von Stefenelli,D,N,,6,L,N,VAN,VAN,195.0
11026,6556.0,347.0,17.0,Waltham H.S.,Mass.,1970-06-30,"Potsdam, NY  USA",USA,,1988-06-11,28,1988,1,Bryan,72.0,LaFort,,159,12,8456941,Bryan LaFort,G,N,,8,L,N,NJD,NJD,200.0
11032,6953.0,13.0,19.0,Boston University,NCAA,1969-05-29,"Timmins, ON  CAN",CAN,,1988-06-11,28,1988,6,Mark,72.0,Krys,,165,18,8456904,Mark Krys,D,N,,8,R,N,BOS,BOS,185.0
11062,6525.0,316.0,17.0,Medford H.S.,Mass.,1970-07-31,"Malden, MA  USA",USA,,1988-06-11,28,1988,10,David,73.0,Sacco,,195,6,8457905,David Sacco,LW,N,,10,R,N,TOR,TOR,190.0
11096,6707.0,133.0,18.0,Boston University,NCAA,1970-01-30,"Lloydminster, AB  CAN",CAN,,1988-06-11,28,1988,22,Darin,72.0,MacDonald,,229,19,8457132,Darin MacDonald,LW,N,,11,L,N,EDM,EDM,180.0
11183,6809.0,234.0,18.0,Boston University,NCAA,1970-10-26,"Amherst, NY  USA",USA,,1989-06-17,30,1989,33,Mark,74.0,Brownschidle,,64,1,8455723,Mark Brownschidle,D,N,,4,R,N,WIN,WIN,185.0
11218,6791.0,216.0,18.0,Catholic Memorial H.S.,Mass.,1970-11-13,"Dorchester, MA  USA",USA,,1989-06-17,30,1989,2,Kevin,72.0,O'Sullivan,,99,15,8457562,Kevin O'Sullivan,D,N,,5,L,N,NYI,NYI,180.0
11231,7210.0,270.0,19.0,Kanata,COJHL,1969-09-20,"Ottawa, ON  CAN",CAN,,1989-06-17,30,1989,31,Scott,74.0,Cashman,,112,7,8455817,Scott Cashman,G,N,,6,L,N,MNS,MNS,186.0
11241,6663.0,88.0,18.0,Catholic Memorial H.S.,Mass.,1971-03-21,"Brockton, MA  USA",USA,,1989-06-17,30,1989,6,Stephen,75.0,Foster,,122,17,8456292,Stephen Foster,LW,N,,6,R,N,BOS,BOS,210.0
11273,6840.0,265.0,18.0,Pingree H.S.,Mass.,1970-09-25,"Danvers, MA  USA",USA,,1989-06-17,30,1989,31,Jonathan,73.0,Pratt,,154,7,8457721,Jonathan Pratt,LW,N,,8,L,N,MNS,MNS,195.0
11300,7036.0,96.0,19.0,Cushing Academy,HIGH-MA,1970-03-13,"Roslindale, MA  USA",USA,,1989-06-17,30,1989,3,Mark,72.0,Bavis,,181,13,8455541,Mark Bavis,C,N,,9,L,N,NYR,NYR,175.0
11364,7036.0,96.0,19.0,Cushing Academy,HIGH-MA,1970-03-13,"Roslindale, MA  USA",USA,,1989-06-17,30,1989,7,Michael,72.0,Bavis,,245,14,8455542,Michael Bavis,RW,N,,12,R,N,BUF,BUF,180.0
11390,6654.0,80.0,18.0,Malden Catholic H.S.,Mass.,1972-03-28,"Melrose, MA  USA",USA,,1990-06-16,32,1990,33,Keith,74.0,Tkachuk,,19,19,8458229,Keith Tkachuk,C,N,,1,L,N,WIN,WIN,235.0
11409,6746.0,171.0,18.0,Boston University,NCAA,1971-12-27,"Chicoutimi, QC  CAN",CAN,,1990-06-16,32,1990,22,Alexandre,73.0,Legault,,38,17,8457039,Alexandre Legault,D,N,,2,R,N,EDM,EDM,205.0
11511,6526.0,317.0,17.0,Cushing Academy,HIGH-MA,1972-08-03,"Wakefield, MA  USA",USA,,1990-06-16,32,1990,33,John,69.0,Lilley,,140,14,8457065,John Lilley,C,N,,7,R,N,WIN,WIN,170.0
11523,6982.0,42.0,19.0,Boston University,NCAA,1971-05-05,"Helsinki, Finland",FIN,,1990-06-16,32,1990,5,Petteri,73.0,Koskimaki,,152,5,8456878,Petteri Koskimaki,C,N,,8,L,N,PIT,PIT,180.0
11608,6719.0,144.0,18.0,Madison West H.S.,Wisconsin,1972-01-23,"Madison, WI  USA",USA,,1990-06-16,32,1990,31,John,72.0,McKersie,,239,8,8457315,John McKersie,G,N,,12,L,N,MNS,MNS,210.0
11610,6540.0,331.0,17.0,Governor's Academy,Mass.,1972-07-20,"Montreal, QC  CAN",CAN,,1990-06-16,32,1990,10,Nick,70.0,Vachon,,241,10,8458283,Nick Vachon,C,N,,12,L,N,TOR,TOR,190.0
11625,6817.0,243.0,18.0,Boston University,NCAA,1972-10-22,"Charlottesville, VA  USA",USA,,1991-06-22,34,1991,2,Scott,73.0,Lachance,,4,4,8458518,Scott Lachance,D,N,,1,L,N,NYI,NYI,215.0
11660,6494.0,285.0,17.0,Springfield Olympics,NEJHL,1973-09-10,"New Haven, CT  USA",USA,,1991-06-22,34,1991,16,Michael,73.0,Pomichter,,39,17,8458553,Michael Pomichter,C,N,,2,L,N,CHI,CHI,198.0
11667,6782.0,208.0,18.0,Tabor Academy,Mass.,1972-11-26,"Schenectady, NY  USA",USA,2683.0,1991-06-22,34,1991,32,Rich,74.0,Brennan,,46,2,8458560,Rich Brennan,D,N,,3,R,N,QUE,QUE,212.0
11805,7204.0,264.0,19.0,St. Paul Vulcans,USHL,1971-10-01,"Minneapolis, MN  USA",USA,,1991-06-22,34,1991,31,Derek,72.0,Herlofsky,,184,8,8458696,Derek Herlofsky,G,N,,9,L,N,MNS,MNS,160.0
11843,7234.0,294.0,19.0,Boston University,NCAA,1971-09-01,"Cape Elizabeth, ME  USA",USA,,1991-06-22,34,1991,32,Doug,73.0,Friedman,,222,2,8458734,Doug Friedman,LW,N,,11,L,N,QUE,QUE,189.0
11915,6611.0,36.0,18.0,Catholic Memorial H.S.,Mass.,1974-05-15,"Dorchester, MA  USA",USA,,1992-06-20,36,1992,20,Chris,74.0,O'Sullivan,,30,6,8458966,Chris O'Sullivan,D,N,,2,L,N,CGY,CGY,213.0
12002,6927.0,353.0,18.0,Boston University,NCAA,1973-07-03,"Ottawa, ON  CAN",CAN,,1992-06-20,36,1992,23,Adrian,74.0,Aucoin,,117,21,8459053,Adrian Aucoin,D,N,,5,R,N,VAN,VAN,217.0
12019,6714.0,140.0,18.0,Springfield Olympics,NEJHL,1974-02-01,"North Hampton, MA  USA",USA,,1992-06-20,36,1992,19,Robert,71.0,Lachance,,134,14,8459070,Robert Lachance,RW,N,,6,R,N,STL,STL,175.0
12181,6756.0,181.0,18.0,Boston University,NCAA,1974-12-27,"Winchester, MA  USA",USA,,1993-06-26,38,1993,1,Jay,73.0,Pandolfo,,32,6,8459454,Jay Pandolfo,LW,N,,2,L,N,NJD,NJD,190.0
12197,6684.0,109.0,18.0,Phillips Academy,Mass.,1975-03-09,"Boston, MA  USA",USA,,1993-06-26,38,1993,17,Jonathan,73.0,Coleman,,48,22,8459470,Jonathan Coleman,D,N,,2,R,N,DET,DET,190.0
12224,6838.0,263.0,18.0,Lawrence H.S.,Mass.,1974-10-06,"Woburn, MA  USA",USA,,1993-06-26,38,1993,32,William,73.0,Pierce,,75,23,8459496,William Pierce,C,N,,3,L,N,QUE,QUE,190.0
12252,6659.0,84.0,18.0,Medford H.S.,Mass.,1975-04-03,"Medford, MA  USA",USA,28312.0,1993-06-26,38,1993,6,Shawn,72.0,Bates,,103,25,8459527,Shawn Bates,C,N,,4,R,N,BOS,BOS,210.0
12279,6670.0,95.0,18.0,St. Sebastian's School,HIGH-MA,1975-03-23,"Cambridge, MA  USA",USA,12334.0,1993-06-26,38,1993,5,Chris,73.0,Kelleher,,130,26,8459553,Chris Kelleher,D,N,,5,L,N,PIT,PIT,215.0
12368,6747.0,172.0,18.0,St. Sebastian's School,HIGH-MA,1975-01-05,"Detroit, MI  USA",USA,,1993-06-26,38,1993,19,Mike,73.0,Grier,,219,11,8459640,Mike Grier,RW,N,,9,R,N,STL,STL,224.0
12433,6672.0,97.0,18.0,Catholic Memorial H.S.,Mass.,1975-03-21,"Quincy, MA  USA",USA,,1993-06-26,38,1993,16,Tom,70.0,Noble,,284,24,8459698,Tom Noble,G,N,,11,L,N,CHI,CHI,165.0
12457,6654.0,80.0,18.0,Catholic Memorial H.S.,Mass.,1976-04-09,"Boston, MA  USA",USA,,1994-06-28,40,1994,32,Jeffrey,76.0,Kealty,,22,22,8460512,Jeffrey Kealty,D,N,,1,L,N,QUE,QUE,175.0
12507,6522.0,313.0,17.0,Fairfield Prep.,Conn.,1976-08-20,"Trumbull, CT  USA",USA,,1994-06-29,40,1994,32,Chris,70.0,Drury,,72,20,8460562,Chris Drury,C,N,,3,R,N,QUE,QUE,191.0
12551,6614.0,40.0,18.0,St. Sebastian's School,HIGH-MA,1976-05-20,"Cambridge, MA  USA",USA,,1994-06-29,40,1994,2,Albert,72.0,O'Connell,,116,12,8460604,Albert O'Connell,LW,N,,5,L,N,NYI,NYI,188.0
12904,8931.0,165.0,24.0,Boston University,NCAA,1971-01-24,"Helsinki, Finland",FIN,,1995-07-08,42,1995,9,Kaj,74.0,Linna,,183,1,8462214,Kaj Linna,D,N,,8,L,N,OTT,OTT,210.0
12984,7005.0,65.0,19.0,Enfield Jr. Whalers,EJHL,1977-04-18,"Hyannis, MA  USA",USA,13324.0,1996-06-22,43,1996,2,Dan,74.0,Lacouture,,29,3,8464983,Dan Lacouture,LW,N,,2,L,N,NYI,NYI,215.0
13014,7032.0,92.0,19.0,Cushing Academy,HIGH-MA,1977-03-22,"Worcester, MA  USA",USA,,1996-06-22,43,1996,22,Tom,75.0,Poti,,59,7,8465012,Tom Poti,D,N,,3,L,N,EDM,EDM,197.0
13092,7202.0,263.0,19.0,Boston University,NCAA,1976-10-03,"Lahr, Germany",DEU,,1996-06-22,43,1996,28,Michel,71.0,Larocque,,137,2,8465091,Michel Larocque,G,N,,6,L,N,SJS,SJS,198.0
13390,7071.0,131.0,19.0,Phillips-Exeter Academy,N.H.,1978-02-10,"Windham, NH  USA",USA,,1997-06-21,44,1997,10,Russ,73.0,Bartlett,,194,4,8466319,Russ Bartlett,C,N,,8,L,N,TOR,TOR,182.0
13399,7061.0,121.0,19.0,Cushing Academy,HIGH-MA,1978-02-20,"Cambridge, MA  USA",USA,,1997-06-21,44,1997,9,Nick,72.0,Gillis,,203,13,8466328,Nick Gillis,RW,N,,8,R,N,OTT,OTT,188.0
13431,7789.0,118.0,21.0,Boston University,NCAA,1976-02-23,"Espoo, Finland",FIN,,1997-06-21,44,1997,24,Tommi,73.0,Degerman,,235,18,8466359,Tommi Degerman,C,N,,9,L,N,ANA,ANA,176.0
13503,7062.0,122.0,19.0,Boston University,NCAA,1979-02-25,"Barrie, ON  CAN",CAN,,1998-06-27,45,1998,13,Joe,74.0,DiPenta,,61,3,8467387,Joe DiPenta,D,N,,3,R,N,FLA,FLA,220.0
13519,6860.0,285.0,18.0,St. Sebastian's School,HIGH-MA,1979-09-15,"Winchester, MA  USA",USA,,1998-06-27,45,1998,7,Mike,75.0,Pandolfo,,77,19,8467402,Mike Pandolfo,LW,N,,3,L,N,BUF,BUF,218.0
13642,7198.0,258.0,19.0,Boston University,NCAA,1978-10-12,"Boston, MA  USA",USA,,1998-06-27,45,1998,25,Scott,72.0,Perry,,200,27,8467508,Scott Perry,C,N,,7,L,N,DAL,DAL,180.0
13738,7054.0,115.0,19.0,Boston University,NCAA,1980-03-03,"Springfield, MA  USA",USA,3828.0,1999-06-26,46,1999,20,Dan,73.0,Cavanaugh,,38,10,8467911,Dan Cavanaugh,C,N,,2,R,N,CGY,CGY,190.0
13787,6860.0,286.0,18.0,St. John's H.S.,Mass.,1980-09-13,"Worcester, MA  USA",USA,4548.0,1999-06-26,46,1999,2,Brian,73.0,Collins,,87,21,8467960,Brian Collins,C,N,,3,L,N,NYI,NYI,190.0
13790,6934.0,360.0,18.0,Boston University,NCAA,1980-07-01,"Winchester, MA  USA",USA,660.0,1999-06-26,46,1999,3,Patrick,74.0,Aufiero,,90,24,8467963,Patrick Aufiero,D,N,,3,R,N,NYR,NYR,186.0
13797,7185.0,245.0,19.0,Boston University,NCAA,1979-10-24,"Stoneham, MA  USA",USA,,1999-06-26,46,1999,8,Chris,74.0,Dyment,,97,1,8467970,Chris Dyment,D,N,,4,R,N,MTL,MTL,201.0
13936,6995.0,56.0,19.0,Nobles Prep,Mass.,1980-05-01,"Duxbury, MA  USA",USA,5150.0,1999-06-26,46,1999,6,John,74.0,Cronin,,236,21,8468109,John Cronin,D,N,,8,R,N,BOS,BOS,200.0
470,6853.0,279.0,18.0,Boston University,NCAA,1981-09-19,"Winthrop, MA  USA",USA,6226.0,2000-06-24,47,2000,2,Rick,73.0,DiPietro,,1,1,8468481,Rick DiPietro,G,N,,1,R,N,NYI,NYI,190.0
1,6913.0,339.0,18.0,Vernon,BCHL,1981-07-22,"Kelowna, BC  CAN",CAN,15227.0,2000-06-25,47,2000,1,Ken,74.0,Magowan,,198,1,8468678,Ken Magowan,LW,N,,7,L,N,NJD (from ATL),NJD,207.0
359,7003.0,63.0,19.0,Boston University,H-EAST,1982-04-22,"Martin, Slovakia",SVK,47339.0,2001-06-24,48,2001,21,Frantisek,72.0,Skladany,,143,12,8469590,Frantisek Skladany,LW,N,,5,L,N,COL (from NYR),COL,185.0
364,7022.0,82.0,19.0,Des Moines,USHL,1982-04-03,"Roseau, MN  USA",USA,12721.0,2001-06-24,48,2001,27,David,72.0,Klema,,148,17,8469595,David Klema,C,N,,5,L,N,PHX,PHX,178.0
438,6946.0,6.0,19.0,Boston University,H-EAST,1982-06-18,"Windsor, CT  USA",USA,11831.0,2001-06-24,48,2001,9,Gregg,70.0,Johnson,,256,29,8469699,Gregg Johnson,C,N,,8,L,N,OTT,OTT,183.0
719,7063.0,123.0,19.0,Boston University,H-EAST,1983-02-19,"Boston, MA  USA",USA,26075.0,2002-06-22,49,2002,5,Ryan,75.0,Whitney,,5,5,8470309,Ryan Whitney,D,N,,1,L,N,PIT,PIT,210.0
753,7081.0,141.0,19.0,Boston University,H-EAST,1983-02-01,"Boston, MA  USA",USA,16052.0,2002-06-22,49,2002,20,Brian,74.0,McConnell,,39,9,8470313,Brian McConnell,C,N,,2,L,N,CGY,CGY,190.0
766,6885.0,310.0,18.0,Winchester H.S.,USHSE,1983-08-16,"Winchester, MA  USA",USA,23149.0,2002-06-22,49,2002,28,Dan,72.0,Spang,,52,22,8470314,Dan Spang,D,N,,2,L,N,SJS (from PHX),SJS,205.0
828,6897.0,322.0,18.0,Jr. Monarchs,EJHL,1983-08-05,"Portland, ME  USA",USA,13430.0,2002-06-23,49,2002,23,John,73.0,Laliberte,,114,18,8470296,John Laliberte,RW,N,,4,L,N,VAN,VAN,185.0
833,7391.0,86.0,20.0,Apple Core,EJHL,1982-03-29,"Riga, Latvia",LVA,45059.0,2002-06-23,49,2002,29,Jekabs,74.0,Redlihs,,119,23,8470161,Jekabs Redlihs,D,N,,4,L,N,CBJ (from NYI),CBJ,185.0
914,6934.0,359.0,18.0,Boston University,H-EAST,1983-06-29,"Milwaukee, WI  USA",USA,15284.0,2002-06-23,49,2002,19,Justin,73.0,Maiser,,165,34,8470045,Justin Maiser,F,N,,5,L,N,STL (from BOS),STL,191.0
667,7004.0,64.0,19.0,Chilliwack,BCHL,1983-04-20,"Abbotsford, BC  CAN",CAN,25046.0,2002-06-23,49,2002,20,David,70.0,Van Der Gulik,,206,9,8470189,David Van Der Gulik,RW,N,,7,L,N,CGY,CGY,173.0
999,7110.0,170.0,19.0,St. Sebastian's School,USHSE,1984-01-02,"Boston, MA  USA",USA,20943.0,2003-06-21,50,2003,3,Ken,71.0,Roche,,75,7,8470668,Ken Roche,C,N,,3,L,N,NYR (from SJS),NYR,185.0
1043,7184.0,244.0,19.0,Des Moines,USHL,1983-10-21,"St. Paul, MN  USA",USA,17490.0,2003-06-22,50,2003,7,Thomas,78.0,Morrow,,150,14,8470742,Thomas Morrow,D,N,,5,L,N,BUF (from LAK),BUF,198.0
1202,7024.0,85.0,19.0,St. Sebastian's School,USHSE,1984-03-29,"Boston, MA  USA",USA,23799.0,2003-06-22,50,2003,27,Sean,72.0,Sullivan,,272,11,8470861,Sean Sullivan,D,N,,9,L,N,PHX,PHX,190.0
1226,6723.0,149.0,18.0,Cushing Academy,USHSE,1986-01-29,"Boston, MA  USA",USA,2438.0,2004-06-26,51,2004,15,Chris,68.0,Bourque,,33,3,8471246,Chris Bourque,C,N,,2,L,N,WSH,WSH,178.0
1396,7194.0,255.0,19.0,Boston University,H-EAST,1984-10-16,"Huntington, NY  USA",USA,21779.0,2004-06-27,51,2004,18,Kevin,73.0,Schaeffer,,193,30,8471405,Kevin Schaeffer,D,N,,6,R,N,NSH (from TBL),NSH,195.0
1456,6926.0,352.0,18.0,Governor's Academy,USHSE,1985-07-11,"Danvers, MA  USA",USA,16277.0,2004-06-27,51,2004,29,Brian,72.0,McGuirk,,231,4,8471443,Brian McGuirk,LW,N,,8,L,N,CBJ,CBJ,191.0
1468,7003.0,63.0,19.0,Coquitlam,BCHL,1985-04-25,"Vancouver, BC  CAN",CAN,26661.0,2004-06-27,51,2004,21,Brandon,73.0,Yip,,239,12,8471450,Brandon Yip,RW,N,,8,R,N,COL (from MIN),COL,195.0
1843,6746.0,171.0,18.0,USA U-18,USA,1988-01-04,"Waltham, MA  USA",USA,23644.0,2006-06-24,53,2006,5,Brian,73.0,Strait,,65,2,8473565,Brian Strait,D,N,,3,L,N,PIT,PIT,200.0
1846,6645.0,71.0,18.0,Green Bay,USHL,1988-04-14,"Saskatoon, SK  CAN",CAN,9627.0,2006-06-24,53,2006,9,Eric,76.0,Gryba,,68,5,8473468,Eric Gryba,D,N,,3,R,N,BOS-OTT,OTT,222.0
1897,6682.0,108.0,18.0,USA U-18,USA,1988-03-08,"Buffalo, NY  USA",USA,1489.0,2006-06-24,53,2006,27,Brett,73.0,Bennett,,130,7,8473441,Brett Bennett,G,N,,5,L,N,NYI-PHX,PHX,185.0
1821,7259.0,319.0,19.0,Boston University,H-EAST,1986-08-09,"Boston, MA  USA",USA,15996.0,2006-06-24,53,2006,28,John,73.0,McCarthy,,202,19,8473562,John McCarthy,LW,N,,7,L,N,ANA-SJS,SJS,200.0
2097,6718.0,144.0,18.0,USA U-18,USDP,1989-01-29,"New Rochelle, NY  USA",USA,22304.0,2007-06-22,54,2007,21,Kevin,71.0,Shattenkirk,,14,14,8474031,Kevin Shattenkirk,D,N,,1,R,N,COL,COL,193.0
2066,6633.0,59.0,18.0,Lincoln,USHL,1989-04-25,"Villanova, PA  USA",USA,4480.0,2007-06-23,54,2007,21,Colby,74.0,Cohen,,45,15,8474002,Colby Cohen,D,N,,2,R,N,COL,COL,200.0
1938,7003.0,64.0,19.0,Avon Old Farms H.S.,HIGH-CT,1988-04-20,"Hartford, CT  USA",USA,2196.0,2007-06-23,54,2007,28,Nick,73.0,Bonino,,173,22,8474009,Nick Bonino,C,N,,6,L,N,SJS,SJS,180.0
1912,6553.0,344.0,17.0,Nobles,HIGH-MA,1989-07-14,"Wrentham, MA  USA",USA,9013.0,2007-06-23,54,2007,15,Andrew,71.0,Glass,,199,18,8474116,Andrew Glass,LW,N,,7,L,N,CGY-WSH,WSH,180.0
1901,6607.0,33.0,18.0,Burnaby,BCHL,1989-05-21,"Victoria, BC  CAN",CAN,4972.0,2007-06-23,54,2007,14,Justin,75.0,Courtnall,,210,29,8474006,Justin Courtnall,LW,N,,7,L,N,OTT-TBL,TBL,185.0
14157,6818.0,244.0,18.0,Boston University,H-EAST,1989-10-20,"Greenwich, CT  USA",USA,26283.0,2008-06-20,55,2008,18,Colin,73.0,Wilson,,7,7,8474569,Colin Wilson,C,N,,1,L,N,TOR-NYI-NSH,NSH,214.0
14186,6735.0,161.0,18.0,Stouffville,OPJHL,1990-01-12,"Etobicoke, ON  CAN",CAN,24743.0,2008-06-21,55,2008,2,Corey,73.0,Trivino,,36,6,8474599,Corey Trivino,C,N,,2,L,N,NYI,NYI,170.0
14241,6686.0,111.0,18.0,Chicago,USHL,1990-03-02,"Thousand Oaks, CA  USA",USA,18040.0,2008-06-21,55,2008,17,Max,74.0,Nicastro,,91,30,8474652,Max Nicastro,D,N,,3,R,N,DET,DET,189.0
14244,6701.0,127.0,18.0,USA U-18,USDP,1990-02-15,"Powder Springs, GA  USA",USA,21614.0,2008-06-21,55,2008,11,Vinny,72.0,Saponari,,94,3,8474655,Vinny Saponari,RW,N,,4,R,N,ATL,ATL,179.0
14245,6597.0,22.0,18.0,USA U-18,USDP,1990-05-30,"Marshfield, MA  USA",USA,25686.0,2008-06-21,55,2008,19,David,68.0,Warsofsky,,95,4,8474660,David Warsofsky,D,N,,4,L,N,STL,STL,160.0
14308,6907.0,333.0,18.0,Trail,BCHL,1989-07-24,"Chilliwack, BC  CAN",CAN,21034.0,2008-06-21,55,2008,10,Grant,76.0,Rollheiser,,158,7,8474718,Grant Rollheiser,G,N,,6,L,N,TOR,TOR,195.0
14399,6844.0,269.0,18.0,Des Moines,USHL,1990-10-01,"Montreal, QC  CAN",CAN,4075.0,2009-06-27,56,2009,25,Alex,76.0,Chiasson,,38,8,8475163,Alex Chiasson,RW,N,,2,R,N,DAL,DAL,187.0
14485,7240.0,300.0,19.0,Boston University,H-EAST,1989-08-31,"Edmonton, AB  CAN",CAN,16901.0,2009-06-27,56,2009,21,Kieran,72.0,Millan,,124,4,8475272,Kieran Millan,G,N,,5,L,N,COL,COL,190.0
14499,6915.0,340.0,18.0,South Kent School,HIGH-CT,1990-07-22,"Canton, NY  USA",USA,16649.0,2009-06-27,56,2009,13,Wade,73.0,Megan,,138,18,8475263,Wade Megan,C,N,,5,L,N,STL-LAK-FLA,FLA,185.0
14600,6689.0,115.0,18.0,South Shore,EJHL,1992-03-02,"E. Weymouth, MA  USA",USA,5037.0,2010-06-25,57,2010,28,Charlie,74.0,Coyle,,28,28,8475745,Charlie Coyle,C/RW,N,,1,R,N,SJS,SJS,205.0
14722,6681.0,107.0,18.0,Des Moines,USHL,1992-03-11,"Montreal, QC  CAN",CAN,4258.0,2010-06-26,57,2010,11,Yasin,75.0,Cisse,,150,30,8475858,Yasin Cisse,RW,N,,5,R,N,CHI-ATL,ATL,210.0
14849,6816.0,242.0,18.0,Boston University,H-EAST,1992-10-26,"Niagara Falls, NY  USA",USA,4377.0,2011-06-25,58,2011,16,Adam,71.0,Clendening,,36,6,8476431,Adam Clendening,D,N,,2,R,N,WPG-CHI,CHI,187.0
14860,6806.0,232.0,18.0,Boston University,H-EAST,1992-11-05,"Long Beach, CA  USA",USA,18102.0,2011-06-25,58,2011,28,Matt,71.0,Nieto,,47,17,8476442,Matt Nieto,LW,N,,2,L,N,MTL-FLA-SJS,SJS,177.0
14925,7453.0,148.0,20.0,Boston University,H-EAST,1991-01-28,"Norfolk, MA  USA",USA,18192.0,2011-06-25,58,2011,18,Garrett,72.0,Noonan,,112,21,8476354,Garrett Noonan,D,N,,4,L,N,NSH,NSH,205.0
15080,6651.0,76.0,18.0,St. John's Prep,HIGH-MA,1994-04-08,"Boston, MA  USA",USA,13206.0,2012-06-23,59,2012,19,Samuel,74.0,Kurker,,56,26,8476920,Samuel Kurker,RW,N,,2,R,N,STL,STL,201.0
15109,6744.0,170.0,18.0,USA U-18,USHL,1994-01-05,"Charlestown, MA  USA",USA,9631.0,2012-06-23,59,2012,6,Matt,69.0,Grzelcyk,,85,24,8476891,Matt Grzelcyk,D,N,,3,L,N,BOS,BOS,171.0
15137,7081.0,142.0,19.0,Powell River,BCHL,1993-02-02,"Edmonton, AB  CAN",CAN,53173.0,2012-06-23,59,2012,5,Sean,73.0,Maguire,,113,22,8476963,Sean Maguire,G,N,,4,L,N,PIT,PIT,203.0
15149,6564.0,355.0,17.0,Kimball Union Academy,HIGH-NH,1994-07-04,"Marblehead, MA  USA",USA,23066.0,2012-06-23,59,2012,2,Doyle,76.0,Somerby,,125,4,8476951,Doyle Somerby,D,N,,5,L,N,NYI,NYI,232.0
15160,6784.0,210.0,18.0,Indiana,USHL,1993-11-26,"Springfield, MA  USA",USA,799.0,2012-06-23,59,2012,9,Robert,71.0,Baillargeon,,136,15,8476940,Robert Baillargeon,C,N,,5,R,N,OTT,OTT,164.0
15162,6719.0,145.0,18.0,St. Sebastian's School,HIGH-MA,1994-01-30,"Berlin, Germany",DEU,18398.0,2012-06-23,59,2012,28,Danny,69.0,O'Regan,,138,17,8476982,Danny O'Regan,C,N,,5,R,N,SJS,SJS,169.0
15201,7251.0,312.0,19.0,Victoria,BCHL,1992-08-16,"Victoria, BC  CAN",CAN,53337.0,2012-06-23,59,2012,23,Wesley,73.0,Myron,,177,26,8476990,Wesley Myron,LW,N,,6,L,N,VAN,VAN,182.0
15213,6833.0,259.0,18.0,Malden Catholic H.S.,HIGH-MA,1993-10-08,"Charlestown, MA  USA",USA,4537.0,2012-06-23,59,2012,12,Brendan,69.0,Collier,,189,8,8477049,Brendan Collier,LW,N,,7,L,N,CAR,CAR,168.0
15503,6600.0,26.0,18.0,USA U-18,USHL,1996-06-02,"Lowell, MA  USA",USA,53806.0,2014-06-28,61,2014,14,Johnathan,73.0,MacLeod,,57,27,8477988,Johnathan MacLeod,D,N,,2,R,N,MTL-NYI-TBL,TBL,200.0
15510,6650.0,76.0,18.0,Spruce Grove,AJHL,1996-04-13,"Edmonton, AB  CAN",CAN,10658.0,2014-06-28,61,2014,20,Brandon,73.0,Hickey,,64,4,8477995,Brandon Hickey,D,N,,3,L,N,CGY,CGY,177.0
15549,6590.0,16.0,18.0,Youngstown,USHL,1996-06-12,"Englewood, NJ  USA",USA,54884.0,2014-06-28,61,2014,10,John,71.0,Piccinich,,103,13,8478033,John Piccinich,RW,N,,4,R,N,ARI-TOR,TOR,190.0
15567,7075.0,135.0,19.0,Williston-North Hampton,HIGH-MA,1995-02-13,"Barnstable, MA  USA",USA,61946.0,2014-06-28,61,2014,7,Max,71.0,Willman,,121,1,8478051,Max Willman,C,N,,5,L,N,BUF,BUF,181.0
15658,6815.0,241.0,18.0,Boston University,H-EAST,1996-10-28,"North Chelmsford, MA  USA",USA,54588.0,2015-06-26,62,2015,7,Jack,74.0,Eichel,,2,2,8478403,Jack Eichel,C,N,,1,R,N,BUF,BUF,196.0
15695,6769.0,195.0,18.0,Boston University,H-EAST,1996-12-14,"Joliette, QC  CAN",CAN,55563.0,2015-06-27,62,2015,21,A.J.,75.0,Greer,,39,9,8478421,A.J. Greer,LW,N,,2,L,N,SJS-COL,COL,204.0
15701,6813.0,239.0,18.0,Omaha,USHL,1996-10-31,"Stockholm, Sweden",SWE,55402.0,2015-06-27,62,2015,6,Jakob,72.0,Forsbacka Karlsson,,45,15,8478417,Jakob Forsbacka Karlsson,C,N,,2,R,N,CGY-BOS,BOS,190.0
15706,6705.0,131.0,18.0,USA U-18,USHL,1997-02-16,"Canton, NY  USA",USA,55193.0,2015-06-27,62,2015,30,Jordan,78.0,Greenway,,50,20,8478413,Jordan Greenway,LW,N,,2,L,N,MIN,MIN,226.0
15874,6540.0,331.0,17.0,USA U-18,USHL,1998-07-29,"Chesterfield, MO  USA",USA,60515.0,2016-06-24,63,2016,53,Clayton,70.0,Keller,,7,7,8479343,Clayton Keller,C,N,,1,L,N,ARI,ARI,164.0
15881,6760.0,186.0,18.0,Boston University,H-EAST,1997-12-21,"Long Beach, NY  USA",USA,58813.0,2016-06-24,63,2016,6,Charlie,72.0,McAvoy,,14,14,8479325,Charlie McAvoy,D,N,,1,R,N,BOS,BOS,199.0
15884,6579.0,4.0,18.0,Penticton,BCHL,1998-06-20,"Coquitlam, BC  CAN",CAN,63402.0,2016-06-24,63,2016,18,Dante,72.0,Fabbro,,17,17,8479371,Dante Fabbro,D,N,,1,R,N,NSH,NSH,192.0
15886,6589.0,14.0,18.0,USA U-18,USHL,1998-06-10,"Edina, MN  USA",USA,62782.0,2016-06-24,63,2016,2,Kieffer,72.0,Bellows,,19,19,8479356,Kieffer Bellows,LW,N,,1,L,N,NYI,NYI,197.0
15912,6651.0,76.0,18.0,USA U-18,USHL,1998-04-10,"Philadelphia, PA  USA",USA,60279.0,2016-06-25,63,2016,16,Chad,71.0,Krys,,45,15,8479342,Chad Krys,D,N,,2,L,N,MIN-BUF-MTL-CHI,CHI,185.0
16005,6541.0,332.0,17.0,Avon Old Farms H.S.,HIGH-CT,1998-07-29,"New York City, NY  USA",USA,66798.0,2016-06-25,63,2016,18,Patrick,67.0,Harper,,138,17,8479575,Patrick Harper,C,N,,5,L,N,NSH,NSH,150.0
17322,6762.0,187.0,18.0,Boston University,H-EAST,1998-12-18,"Lakeville, MN  USA",USA,63373.0,2017-06-23,64,2017,25,Jake,76.0,Oettinger,,26,26,8479979,Jake Oettinger,G,N,,1,L,N,CHI-DAL,DAL,218.0
17324,6538.0,328.0,17.0,Waterloo,USHL,1999-07-30,"Halifax, NS  CAN",CAN,68665.0,2017-06-23,64,2017,9,Shane,73.0,Bowers,,28,28,8480032,Shane Bowers,C,N,,1,L,N,OTT,OTT,178.0
17367,6795.0,220.0,18.0,Sioux Falls,USHL,1998-11-16,"Helsinki, Finland",FIN,65108.0,2017-06-24,64,2017,17,Kasper,74.0,Kotkansalo,,71,9,8480000,Kasper Kotkansalo,D,N,,3,L,N,FLA-DET,DET,196.0
17378,6625.0,50.0,18.0,Brockville,CCHL,1999-05-05,"Ottawa, ON  CAN",CAN,68193.0,2017-06-24,64,2017,53,Cameron,74.0,Crotty,,82,20,8480075,Cameron Crotty,D,N,,3,R,N,STL-EDM-ARI,ARI,186.0
17388,6576.0,1.0,18.0,USA U-18,NTDP,1999-06-23,"Rochester, NY  USA",USA,66799.0,2017-06-24,64,2017,18,David,71.0,Farrance,,92,30,8480063,David Farrance,D,N,,3,L,N,NSH,NSH,195.0
17497,6688.0,113.0,18.0,USA U-18,NTDP,1999-03-03,"Detroit, MI  USA",USA,67998.0,2017-06-24,64,2017,2,Logan,68.0,Cockerill,,201,15,8480268,Logan Cockerill,LW,N,,7,L,N,NYI,NYI,165.0
17517,6854.0,279.0,18.0,Boston University,H-EAST,1999-09-16,"Scottsdale, AZ  USA",USA,67970.0,2018-06-22,65,2018,9,Brady,75.0,Tkachuk,,4,4,8480801,Brady Tkachuk,LW,N,,1,L,N,OTT,OTT,192.0
17527,6692.0,117.0,18.0,USA U-18,NTDP,2000-02-25,"Syracuse, NY  USA",USA,67490.0,2018-06-22,65,2018,4,Joel,72.0,Farabee,,14,14,8480797,Joel Farabee,LW,N,,1,L,N,STL-PHI,PHI,162.0
17532,6805.0,230.0,18.0,Thayer Academy,HIGH-MA,1999-11-04,"Hingham, MA  USA",USA,74371.0,2018-06-22,65,2018,4,Jay,70.0,O'Brien,,19,19,8480877,Jay O'Brien,C,N,,1,R,N,PHI,PHI,176.0
17582,6690.0,115.0,18.0,USA U-18,NTDP,2000-02-28,"Naples, FL  USA",USA,66983.0,2018-06-23,65,2018,16,Jake,70.0,Wise,,69,7,8480793,Jake Wise,C,N,,3,L,N,CHI,CHI,195.0
17748,6667.0,93.0,18.0,USA U-18,NTDP,2001-03-20,"Bedford, NY",USA,72694.0,2019-06-21,66,2019,24,Trevor,72.0,Zegras,,9,9,8481533,Trevor Zegras,C,N,,1,L,N,ANA,ANA,173.0
17782,6591.0,17.0,18.0,USA U-18,NTDP,2001-06-05,"Wilmette, IL",USA,76868.0,2019-06-22,66,2019,16,Alex,77.0,Vlasic,,43,12,8481568,Alex Vlasic,D,N,,2,L,N,CHI,CHI,198.0
17793,6723.0,149.0,18.0,Chicago,USHL,2001-01-24,"Bay Shore, NY",USA,76851.0,2019-06-22,66,2019,17,Robert,70.0,Mastrosimone,,54,23,8481561,Robert Mastrosimone,LW,N,,2,L,N,NYI-VGK-DET,DET,159.0
17829,6497.0,288.0,17.0,USA U-18,NTDP,2001-09-07,"Bronxville, NY",USA,76860.0,2019-06-22,66,2019,12,Domenick,67.0,Fensore,,90,28,8481562,Domenick Fensore,D,N,,3,L,N,CAR,CAR,153.0
17836,6620.0,46.0,18.0,Sioux Falls,USHL,2001-05-07,"Dartmouth, NS",CAN,80382.0,2019-06-22,66,2019,17,Ethan,69.0,Phillips,,97,4,8481621,Ethan Phillips,C,N,,4,R,N,DET,DET,150.0
17838,6742.0,168.0,18.0,Rivers Academy,HIGH-MA,2001-01-05,"Worcester, MA",USA,76870.0,2019-06-22,66,2019,12,Cade,77.0,Webber,,99,6,8481570,Cade Webber,D,N,,4,L,N,NYR-BOS-MIN-CAR,CAR,205.0
17857,6738.0,164.0,18.0,USA U-18,NTDP,2001-01-09,"Troy, NY",USA,76865.0,2019-06-22,66,2019,1,Case,73.0,McCarthy,,118,25,8481566,Case McCarthy,D,N,,4,R,N,WSH-NJD,NJD,198.0
17896,6511.0,302.0,17.0,Lawrence Academy,HIGH-MA,2001-08-24,"Beverly, MA",USA,76859.0,2019-06-22,66,2019,26,Braden,71.0,Doyle,,157,2,8481750,Braden Doyle,D,N,,6,L,N,LAK,LAK,162.0
18437,6655.0,80.0,18.0,USA U-18,NTDP,2002-07-19,"Norwell, MA",USA,80470.0,2020-10-07,67,2020,16,Drew,74.0,Commesso,,46,15,8482123,Drew Commesso,G,N,,2,L,N,PIT-VGK-CHI,CHI,180.0
18438,6789.0,214.0,18.0,USA U-18,NTDP,2002-03-07,"Syracuse, NY",USA,81705.0,2020-10-07,67,2020,8,Luke,74.0,Tuch,,47,16,8482134,Luke Tuch,LW,N,,2,L,N,MTL,MTL,203.0
18477,6847.0,273.0,18.0,USA U-18,NTDP,2002-01-08,"Roseville, CA",USA,80366.0,2020-10-07,67,2020,19,Dylan,76.0,Peterson,,86,24,8482121,Dylan Peterson,C,N,,3,R,N,WSH-MTL-STL,STL,192.0
18618,6763.0,188.0,18.0,USA U-18,NTDP,2003-01-16,"Scottsdale, AZ",USA,82151.0,2021-07-23,68,2021,9,Tyler,73.0,Boucher,,10,10,8482674,Tyler Boucher,RW,N,,1,R,N,OTT,OTT,205.0
18814,6696,121,18,Mount St. Charles,HIGH-RI,2003-03-25,"Phoenixville, PA",USA,88845,2021-07-24,68,2021,4,Owen,72,McLaughlin,,206,14,8482790,Owen McLaughlin,C,N,,7,L,N,PHI,PHI,160
18794,6538.0,328.0,17.0,Junior Bruins,USPHL - NCDC,2003-08-30,"Andover, MA",USA,90719.0,2021-07-24,68,2021,22,Shane,76.0,Lachance,,186,26,8482941,Shane Lachance,LW,N,,6,L,N,PIT-EDM,EDM,195.0
18825,6715.0,140.0,18.0,USA U-18,NTDP,2003-03-06,"Clarkston, MI",USA,84985.0,2021-07-24,68,2021,6,Ty,72.0,Gallagher,,217,25,8482719,Ty Gallagher,D,N,,7,R,N,TOR-BOS,BOS,188.0
18883,6823.0,248.0,18.0,Northeastern U.,H-EAST,2003-11-02,"Westwood, MA",USA,82301.0,2022-07-08,69,2022,26,Jack,72.0,Hughes,,51,19,8483456,Jack Hughes,C,N,,2,L,N,LAK,LAK,169.0
18889,6835.0,260.0,18.0,Green Bay,USHL,2003-10-21,"Paradise, NL",CAN,86637.0,2022-07-08,69,2022,16,Ryan,73.0,Greene,,57,25,8483450,Ryan Greene,C,N,,2,R,N,MIN-CHI,CHI,179.0
18894,6719.0,144.0,18.0,USA U-18,NTDP,2004-02-14,"Holland, MI",USA,85345.0,2022-07-08,69,2022,8,Lane,68.0,Hutson,,62,30,8483457,Lane Hutson,D,N,,2,L,N,EDM-MTL,MTL,158.0
18901,6754.0,179.0,18.0,USA U-18,NTDP,2004-01-10,"Bridgewater, NJ",USA,84095.0,2022-07-08,69,2022,4,Devin,75.0,Kaplan,,69,4,8483461,Devin Kaplan,RW,N,,3,R,N,PHI,PHI,205.0
19129,6713.0,139.0,18.0,Rogle Jr.,SWEDEN-JR.,2005-02-09,Stockholm,SWE,94059.0,2023-06-28,70,2023,23,Tom,73.0,Willander,,11,11,8484240,Tom Willander,D,N,,1,R,N,VAN,VAN,180.0
19190,6719.0,145.0,18.0,Youngstown,USHL,2005-02-04,"Pittsburgh, PA",USA,93550.0,2023-06-29,70,2023,28,Brandon,75.0,Svoboda,,71,7,8484235,Brandon Svoboda,C,N,,3,R,N,PHI-CAR-SJS,SJS,209.0
19205,6601.0,27.0,18.0,Muskegon,USHL,2005-06-02,"Troy, NY",USA,93564.0,2023-06-29,70,2023,7,Gavin,74.0,McCarthy,,86,22,8484192,Gavin McCarthy,D,N,,3,R,N,LAK-BUF,BUF,186.0
19290,6820.0,246.0,18.0,Brooks,AJHL,2004-10-26,"Vancouver, BC",CAN,91766.0,2023-06-29,70,2023,23,Aiden,73.0,Celebrini,,171,11,8484449,Aiden Celebrini,D,N,,6,R,N,VAN,VAN,187.0
19312,7395.0,90.0,20.0,Chicago,USHL,2003-03-31,"Des Moines, IA",USA,89033.0,2023-06-29,70,2023,14,Jack,70.0,Harvey,,193,1,8482774,Jack Harvey,C,N,,7,L,N,ANA-TBL,TBL,175.0
19335,7330,25,20,Merrimack,H-EAST,2003-06-04,"Mansfield, MA",USA,90064,2023-06-29,70,2023,22,Matt,70,Copponi,,216,24,8484491,Matt Copponi,C,N,,7,R,N,EDM,EDM,167
19344,6590,15,18,Boston University,H-EAST,2006-06-13,"North Vancouver, BC",CAN,95255,2024-06-28,71,2024,28,Macklin,72,Celebrini,,1,1,8484801,Macklin Celebrini,C,N,,1,L,N,SJS,SJS,197
19361,6678,103,18,Muskegon,USHL,2006-03-17,"Trois-Rivieres, QC",CAN,99601,2024-06-28,71,2024,16,Sacha,74,Boisvert,,18,18,8484793,Sacha Boisvert,C,N,,1,L,N,NYI-CHI,CHI,183
19363,6513,304,17,USA U-18,NTDP - USHL,2006-08-29,"Newburyport, MA",USA,95257,2024-06-28,71,2024,2,Cole,72,Eiserman,,20,20,8484807,Cole Eiserman,LW,N,,1,L,N,TBL-CHI-NYI,NYI,197
19386,6576,1,18,USA U-18,NTDP - USHL,2006-06-28,"St. Louis, MO",USA,97815,2024-06-29,71,2024,15,Cole,71,Hutson,,43,11,8484873,Cole Hutson,D,N,,2,L,N,BUF-WSH,WSH,165
19392,6689,114,18,Omaha,USHL,2006-03-07,St. Petersburg,RUS,100264,2024-06-29,71,2024,1,Mikhail,77,Yegorov,,49,17,8484843,Mikhail Yegorov,G,N,,2,L,N,WSH-OTT-UTA-NJD,NJD,188
19404,6609,34,18,USA U-18,NTDP - USHL,2006-05-26,"Elk Grove Village, IL",USA,97788,2024-06-29,71,2024,2,Kamil,73,Bednarik,,61,29,8484788,Kamil Bednarik,C,N,,2,L,N,VAN-CHI-NYI,NYI,187
19596,6736,161,18,Boston University,H-EAST,2007-01-17,Oulu,FIN,104558,2025-06-27,73,2025,52,Sascha,74,Boumedienne,,28,28,8485377,Sascha Boumedienne,D,N,,1,L,N,WPG,WPG,184
19606,6680,105,18,USA U-18,NTDP - USHL,2007-03-15,"Portland, ME",USA,103594,2025-06-28,73,2025,4,Carter,78,Amico,,38,6,8485360,Carter Amico,D,N,,2,R,N,SEA-PHI,PHI,232
19608,6520,310,17,USA U-18,NTDP - USHL,2007-08-22,"Albany, NY",USA,103608,2025-06-28,73,2025,4,Jack,73,Murtagh,,40,8,8485408,Jack Murtagh,LW,N,,2,L,N,ANA-PHI,PHI,198
19618,6602,27,18,USA U-18,NTDP - USHL,2007-06-01,"San Diego, CA",USA,103601,2025-06-28,73,2025,1,Conrad,72,Fondrk,,50,18,8485390,Conrad Fondrk,C,N,,2,L,N,NJD,NJD,202
19641,6540,330,17,USA U-18,NTDP - USHL,2007-08-02,"Baltimore, MD",USA,103599,2025-06-28,73,2025,5,Charlton,73,Trethewey,,73,9,8485357,Charlton Trethewey,D,N,,3,R,N,PIT,PIT,200
19644,6667,92,18,Farjestad Jr.,SWEDEN-JR.,2007-03-28,Karlstad,SWE,107237,2025-06-28,73,2025,29,Malte,75,Vass,,76,12,8485355,Malte Vass,D,N,,3,L,N,DET-CBJ,CBJ,195
19795,6598,24,18,Brantford,OHL,2008-06-02,"Victoria, BC",CAN,108248,2026-06-26,74,2026,23,Caleb,74,Malhotra,,3,3,8486065,Caleb Malhotra,C,N,,1,L,N,VAN,VAN,185
19803,6536,327,17,Boston University,H-EAST,2008-08-03,"Fredericton, NB",CAN,108506,2026-06-26,74,2026,19,Tynan,72,Lawrence,,11,11,8486059,Tynan Lawrence,C,N,,1,L,N,STL,STL,183
19601,6546,336,17,Oshawa,OHL,2007-07-27,Beijing,CHN,103691,2025-06-28,73,2025,28,Simon (Haoxi),78,Wang,,33,1,8485354.0,Simon (Haoxi) Wang,D,N,,2,L,N,SJS,SJS,222
19826,6846,271,18,BLAINVILLE-BOISBRIAND,QMJHL,2007-09-29,"Laval, QC",CAN,104286,2026-06-27,74,2026,16,Xavier,71,Villeneuve,,34,2,8486113.0,Xavier Villeneuve,D,N,,2,L,N,CHI,CHI,164
19833,6643,69,18,OREBRO JR.,SWEDEN-JR.,2008-04-19,Oslo,NOR,107466,2026-06-27,74,2026,23,Niklas,72,Aaram-Olsen,,41,9,8486016.0,Niklas Aaram-Olsen,LW,N,,2,L,N,SJS-VAN,VAN,185
19874,6754,179,18,MONCTON,QMJHL,2007-12-30,"Cleveland, OH",USA,108630,2026-06-27,74,2026,24,Rian,73,Chudzinski,,82,18,,Rian Chudzinski,RW,N,,3,R,N,ANA,ANA,191
19919,6684,110,18,USA U-18,NTDP - USHL,2008-03-09,"Toronto, ON",CAN,108224,2026-06-27,74,2026,28,Brady,77,Knowling,,127,31,8486053.0,Brady Knowling,G,N,,4,L,N,VGK-WSH-SJS,SJS,208
19987,7045,105,19,HALIFAX,QMJHL,2007-03-14,"Trois-Rivières, QC",CAN,104272,2026-06-27,74,2026,21,Shawn,70,Carrier,,195,3,,Shawn Carrier,LW,N,,7,L,N,NYR-NSH-COL,COL,186