name,pos,seasonType,season,team,gp,goals,assists,pts,pim,+/-
John Aiken,G,Regular Season,1957-58,Montréal Canadiens,1,0.0,0.0,0.0,0.0,
Bob Gryp,F,Regular Season,1973-74,Boston Bruins,1,0.0,0.0,0.0,0.0,-2.0
Paul O'Neil,F,Regular Season,1973-74,Vancouver Canucks,5,0.0,0.0,0.0,0.0,-2.0
Ron Anderson,F,Regular Season,1974-75,Washington Capitals,28,9.0,7.0,16.0,8.0,-20.0
Bob Gryp,F,Regular Season,1974-75,Washington Capitals,27,5.0,8.0,13.0,21.0,-24.0
Paul O'Neil,F,Regular Season,1975-76,Boston Bruins,1,0.0,0.0,0.0,0.0,-1.0
Bob Gryp,F,Regular Season,1975-76,Washington Capitals,46,6.0,5.0,11.0,12.0,-18.0
Ken Kuzyk,F,Regular Season,1976-77,Cleveland Barons,13,0.0,5.0,5.0,2.0,1.0
Mike Fidler,F,Regular Season,1976-77,Cleveland Barons,46,17.0,16.0,33.0,17.0,-5.0
Ken Kuzyk,F,Regular Season,1977-78,Cleveland Barons,28,5.0,4.0,9.0,6.0,-1.0
Mike Fidler,F,Regular Season,1977-78,Cleveland Barons,78,23.0,28.0,51.0,38.0,-12.0
Dick Lamby,D,Regular Season,1978-79,St. Louis Blues,9,0.0,4.0,4.0,12.0,5.0
Mike Fidler,F,Regular Season,1978-79,Minnesota North Stars,59,23.0,26.0,49.0,42.0,-25.0
John Bethel,F,Regular Season,1979-80,Winnipeg Jets (1979),17,0.0,2.0,2.0,4.0,-3.0
Dick Lamby,D,Regular Season,1979-80,St. Louis Blues,12,0.0,1.0,1.0,10.0,-7.0
Rick Meagher,F,Regular Season,1979-80,Montréal Canadiens,2,0.0,0.0,0.0,0.0,0.0
Jim Craig,G,Regular Season,1979-80,Atlanta Flames,4,0.0,0.0,0.0,0.0,
Mike Fidler,F,Regular Season,1979-80,Minnesota North Stars,24,5.0,4.0,9.0,13.0,3.0
Dave Silk,F,Regular Season,1979-80,New York Rangers,2,0.0,0.0,0.0,0.0,1.0
Jim Craig,G,Regular Season,1980-81,Boston Bruins,23,0.0,1.0,0.0,11.0,
Dave Silk,F,Regular Season,1980-81,New York Rangers,59,14.0,12.0,26.0,58.0,-24.0
Dick Lamby,D,Regular Season,1980-81,St. Louis Blues,1,0.0,0.0,0.0,0.0,-1.0
Bill Whelton,D,Regular Season,1980-81,Winnipeg Jets (1979),2,0.0,0.0,0.0,0.0,-1.0
Rick Meagher,F,Regular Season,1980-81,Hartford Whalers,27,7.0,10.0,17.0,19.0,2.0
Mike Fidler,F,Regular Season,1980-81,Hartford Whalers,38,9.0,9.0,18.0,4.0,-16.0
Mike Fidler,F,Regular Season,1980-81,Minnesota North Stars,20,5.0,12.0,17.0,6.0,5.0
Dave Silk,F,Regular Season,1981-82,New York Rangers,64,15.0,20.0,35.0,39.0,15.0
Rick Meagher,F,Regular Season,1981-82,Hartford Whalers,65,24.0,19.0,43.0,51.0,-5.0
Mike Fidler,F,Regular Season,1981-82,Hartford Whalers,2,0.0,1.0,1.0,0.0,0.0
Dave Silk,F,Playoffs,1981-82,New York Rangers,9,2.0,4.0,6.0,4.0,0.0
Paul Miller,F,Regular Season,1981-82,Colorado Rockies,3,0.0,3.0,3.0,0.0,2.0
Jack O'Callahan,D,Regular Season,1982-83,Chicago Blackhawks,39,0.0,11.0,11.0,46.0,9.0
Mike Fidler,F,Regular Season,1982-83,Chicago Blackhawks,4,2.0,1.0,3.0,4.0,-1.0
Dave Silk,F,Regular Season,1982-83,New York Rangers,16,1.0,1.0,2.0,15.0,-3.0
Rick Meagher,F,Regular Season,1982-83,Hartford Whalers,4,0.0,0.0,0.0,0.0,-3.0
Rick Meagher,F,Regular Season,1982-83,New Jersey Devils,57,15.0,14.0,29.0,11.0,-17.0
Jack O'Callahan,D,Playoffs,1982-83,Chicago Blackhawks,5,0.0,2.0,2.0,2.0,3.0
Dave Silk,F,Playoffs,1983-84,Boston Bruins,3,0.0,0.0,0.0,7.0,-3.0
Dave Silk,F,Regular Season,1983-84,Boston Bruins,35,13.0,17.0,30.0,64.0,11.0
Tom O'Regan,F,Regular Season,1983-84,Pittsburgh Penguins,51,4.0,10.0,14.0,8.0,-19.0
Jim Craig,G,Regular Season,1983-84,Minnesota North Stars,3,0.0,0.0,0.0,0.0,
Rick Meagher,F,Regular Season,1983-84,New Jersey Devils,52,14.0,14.0,28.0,16.0,-9.0
Jack O'Callahan,D,Regular Season,1983-84,Chicago Blackhawks,70,4.0,13.0,17.0,67.0,-8.0
Jack O'Callahan,D,Playoffs,1983-84,Chicago Blackhawks,2,0.0,0.0,0.0,2.0,-1.0
Cleon Daskalakis,G,Regular Season,1984-85,Boston Bruins,8,0.0,0.0,0.0,0.0,
Tom O'Regan,F,Regular Season,1984-85,Pittsburgh Penguins,1,0.0,0.0,0.0,0.0,-1.0
Rick Meagher,F,Regular Season,1984-85,New Jersey Devils,71,11.0,20.0,31.0,22.0,-14.0
Paul Fenton,F,Regular Season,1984-85,Hartford Whalers,33,7.0,5.0,12.0,10.0,7.0
Dave Silk,F,Regular Season,1984-85,Detroit Red Wings,12,2.0,0.0,2.0,10.0,-5.0
Dave Silk,F,Regular Season,1984-85,Boston Bruins,29,7.0,5.0,12.0,22.0,3.0
Jack O'Callahan,D,Regular Season,1984-85,Chicago Blackhawks,66,6.0,8.0,14.0,105.0,4.0
Jack O'Callahan,D,Playoffs,1984-85,Chicago Blackhawks,15,3.0,5.0,8.0,25.0,0.0
Rick Meagher,F,Playoffs,1985-86,St. Louis Blues,19,4.0,4.0,8.0,12.0,9.0
Tom O'Regan,F,Regular Season,1985-86,Pittsburgh Penguins,9,1.0,2.0,3.0,2.0,1.0
Rick Meagher,F,Regular Season,1985-86,St. Louis Blues,79,11.0,19.0,30.0,28.0,0.0
Jack O'Callahan,D,Playoffs,1985-86,Chicago Blackhawks,3,0.0,1.0,1.0,4.0,-3.0
Dave Silk,F,Regular Season,1985-86,Winnipeg Jets (1979),32,2.0,4.0,6.0,63.0,-6.0
Dave Silk,F,Playoffs,1985-86,Winnipeg Jets (1979),1,0.0,0.0,0.0,2.0,1.0
Paul Fenton,F,Regular Season,1985-86,Hartford Whalers,1,0.0,0.0,0.0,0.0,1.0
Dale Dunbar,D,Regular Season,1985-86,Vancouver Canucks,1,0.0,0.0,0.0,2.0,0.0
Cleon Daskalakis,G,Regular Season,1985-86,Boston Bruins,2,0.0,0.0,0.0,0.0,
Jack O'Callahan,D,Regular Season,1985-86,Chicago Blackhawks,80,4.0,19.0,23.0,116.0,2.0
Rick Meagher,F,Regular Season,1986-87,St. Louis Blues,80,18.0,21.0,39.0,54.0,-6.0
Jack O'Callahan,D,Regular Season,1986-87,Chicago Blackhawks,48,1.0,13.0,14.0,59.0,14.0
Paul Fenton,F,Regular Season,1986-87,New York Rangers,8,0.0,0.0,0.0,2.0,-5.0
Jack O'Callahan,D,Playoffs,1986-87,Chicago Blackhawks,2,0.0,0.0,0.0,2.0,0.0
Scott Shaunessy,F,Regular Season,1986-87,Quebec Nordiques,3,0.0,0.0,0.0,7.0,-1.0
Cleon Daskalakis,G,Regular Season,1986-87,Boston Bruins,2,0.0,0.0,0.0,0.0,
Rick Meagher,F,Playoffs,1986-87,St. Louis Blues,6,0.0,0.0,0.0,11.0,-4.0
Scott Young,F,Regular Season,1987-88,Hartford Whalers,7,0.0,0.0,0.0,2.0,-6.0
Scott Young,F,Playoffs,1987-88,Hartford Whalers,4,1.0,0.0,1.0,0.0,2.0
Rick Meagher,F,Playoffs,1987-88,St. Louis Blues,10,0.0,0.0,0.0,8.0,-5.0
Rick Meagher,F,Regular Season,1987-88,St. Louis Blues,76,18.0,16.0,34.0,76.0,0.0
Jack O'Callahan,D,Playoffs,1987-88,New Jersey Devils,5,1.0,3.0,4.0,6.0,-2.0
Jim Ennis,D,Regular Season,1987-88,Edmonton Oilers,5,1.0,0.0,1.0,10.0,0.0
Jack O'Callahan,D,Regular Season,1987-88,New Jersey Devils,50,7.0,19.0,26.0,97.0,-3.0
Paul Fenton,F,Playoffs,1987-88,Los Angeles Kings,5,2.0,1.0,3.0,2.0,-3.0
Paul Fenton,F,Regular Season,1987-88,Los Angeles Kings,71,20.0,23.0,43.0,46.0,-14.0
Scott Shaunessy,F,Regular Season,1988-89,Quebec Nordiques,4,0.0,0.0,0.0,16.0,0.0
Scott Young,F,Regular Season,1988-89,Hartford Whalers,76,19.0,40.0,59.0,27.0,-21.0
John Cullen,F,Playoffs,1988-89,Pittsburgh Penguins,11,3.0,6.0,9.0,28.0,4.0
John Cullen,F,Regular Season,1988-89,Pittsburgh Penguins,79,12.0,37.0,49.0,112.0,-25.0
Paul Fenton,F,Regular Season,1988-89,Los Angeles Kings,21,2.0,3.0,5.0,6.0,-1.0
Dale Dunbar,D,Regular Season,1988-89,Boston Bruins,1,0.0,0.0,0.0,0.0,0.0
Scott Young,F,Playoffs,1988-89,Hartford Whalers,4,2.0,0.0,2.0,4.0,-4.0
Jack O'Callahan,D,Regular Season,1988-89,New Jersey Devils,36,5.0,21.0,26.0,51.0,0.0
Paul Fenton,F,Regular Season,1988-89,Winnipeg Jets (1979),59,14.0,9.0,23.0,33.0,-15.0
Rick Meagher,F,Regular Season,1988-89,St. Louis Blues,78,15.0,14.0,29.0,53.0,9.0
Rick Meagher,F,Playoffs,1988-89,St. Louis Blues,10,3.0,2.0,5.0,6.0,4.0
John Cullen,F,Regular Season,1989-90,Pittsburgh Penguins,72,32.0,60.0,92.0,138.0,-13.0
Paul Fenton,F,Playoffs,1989-90,Winnipeg Jets (1979),7,2.0,0.0,2.0,23.0,-2.0
Rick Meagher,F,Playoffs,1989-90,St. Louis Blues,8,1.0,0.0,1.0,2.0,-2.0
Paul Fenton,F,Regular Season,1989-90,Winnipeg Jets (1979),80,32.0,18.0,50.0,40.0,2.0
Clark Donatelli,F,Regular Season,1989-90,Minnesota North Stars,25,3.0,3.0,6.0,17.0,-11.0
Scott Young,F,Regular Season,1989-90,Hartford Whalers,80,24.0,40.0,64.0,47.0,-24.0
Scott Young,F,Playoffs,1989-90,Hartford Whalers,7,2.0,0.0,2.0,2.0,-2.0
Rick Meagher,F,Regular Season,1989-90,St. Louis Blues,76,8.0,17.0,25.0,47.0,4.0
Paul Fenton,F,Regular Season,1990-91,Toronto Maple Leafs,30,5.0,10.0,15.0,0.0,-3.0
Tony Amonte,F,Playoffs,1990-91,New York Rangers,2,0.0,2.0,2.0,2.0,1.0
Scott Young,F,Regular Season,1990-91,Pittsburgh Penguins,43,11.0,16.0,27.0,33.0,3.0
Paul Fenton,F,Regular Season,1990-91,Winnipeg Jets (1979),17,4.0,4.0,8.0,18.0,-4.0
Rick Meagher,F,Regular Season,1990-91,St. Louis Blues,24,3.0,1.0,4.0,6.0,0.0
John Cullen,F,Regular Season,1990-91,Hartford Whalers,13,8.0,8.0,16.0,18.0,-6.0
Joe Sacco,F,Regular Season,1990-91,Toronto Maple Leafs,20,0.0,5.0,5.0,2.0,-5.0
Scott Young,F,Regular Season,1990-91,Hartford Whalers,34,6.0,9.0,15.0,8.0,-9.0
John Cullen,F,Playoffs,1990-91,Hartford Whalers,6,2.0,7.0,9.0,10.0,0.0
Paul Fenton,F,Playoffs,1990-91,Calgary Flames,5,0.0,0.0,0.0,2.0,-3.0
Paul Fenton,F,Regular Season,1990-91,Calgary Flames,31,5.0,7.0,12.0,10.0,2.0
Rick Meagher,F,Playoffs,1990-91,St. Louis Blues,9,0.0,1.0,1.0,2.0,0.0
John Cullen,F,Regular Season,1990-91,Pittsburgh Penguins,65,31.0,63.0,94.0,83.0,0.0
Scott Young,F,Playoffs,1990-91,Pittsburgh Penguins,17,1.0,6.0,7.0,2.0,1.0
Keith Tkachuk,F,Regular Season,1991-92,Winnipeg Jets (1979),17,3.0,5.0,8.0,28.0,0.0
Paul Fenton,F,Regular Season,1991-92,San Jose Sharks,60,11.0,4.0,15.0,33.0,-39.0
Mike Sullivan,F,Regular Season,1991-92,San Jose Sharks,64,8.0,11.0,19.0,15.0,-18.0
Tony Amonte,F,Playoffs,1991-92,New York Rangers,13,3.0,6.0,9.0,2.0,-7.0
Scott Lachance,D,Regular Season,1991-92,New York Islanders,17,1.0,4.0,5.0,9.0,13.0
Keith Tkachuk,F,Playoffs,1991-92,Winnipeg Jets (1979),7,3.0,0.0,3.0,30.0,-3.0
Ed Ronan,F,Regular Season,1991-92,Montréal Canadiens,3,0.0,0.0,0.0,0.0,0.0
Tony Amonte,F,Regular Season,1991-92,New York Rangers,79,35.0,34.0,69.0,55.0,12.0
David Tomlinson,F,Regular Season,1991-92,Toronto Maple Leafs,3,0.0,0.0,0.0,2.0,-1.0
Clark Donatelli,F,Regular Season,1991-92,Boston Bruins,10,0.0,1.0,1.0,22.0,-8.0
Clark Donatelli,F,Playoffs,1991-92,Boston Bruins,2,0.0,0.0,0.0,0.0,0.0
John Cullen,F,Regular Season,1991-92,Hartford Whalers,77,26.0,51.0,77.0,141.0,-28.0
John Cullen,F,Playoffs,1991-92,Hartford Whalers,7,2.0,1.0,3.0,12.0,-2.0
Shawn McEachern,F,Regular Season,1991-92,Pittsburgh Penguins,15,0.0,4.0,4.0,0.0,1.0
Shawn McEachern,F,Playoffs,1991-92,Pittsburgh Penguins,19,2.0,7.0,9.0,4.0,6.0
Joe Sacco,F,Regular Season,1991-92,Toronto Maple Leafs,17,7.0,4.0,11.0,4.0,8.0
Peter Ahola,D,Playoffs,1991-92,Los Angeles Kings,6,0.0,0.0,0.0,2.0,4.0
Peter Ahola,D,Regular Season,1991-92,Los Angeles Kings,71,7.0,12.0,19.0,101.0,12.0
Ed Ronan,F,Playoffs,1992-93,Montréal Canadiens,14,2.0,3.0,5.0,10.0,5.0
Keith Tkachuk,F,Regular Season,1992-93,Winnipeg Jets (1979),83,28.0,23.0,51.0,201.0,-13.0
Keith Tkachuk,F,Playoffs,1992-93,Winnipeg Jets (1979),6,4.0,0.0,4.0,14.0,-5.0
Shawn McEachern,F,Playoffs,1992-93,Pittsburgh Penguins,12,3.0,2.0,5.0,10.0,0.0
Scott Lachance,D,Regular Season,1992-93,New York Islanders,75,7.0,17.0,24.0,67.0,-1.0
Shawn McEachern,F,Regular Season,1992-93,Pittsburgh Penguins,84,28.0,33.0,61.0,46.0,21.0
Ed Ronan,F,Regular Season,1992-93,Montréal Canadiens,53,5.0,7.0,12.0,20.0,6.0
Joe Sacco,F,Regular Season,1992-93,Toronto Maple Leafs,23,4.0,4.0,8.0,8.0,-4.0
John Cullen,F,Playoffs,1992-93,Toronto Maple Leafs,12,2.0,3.0,5.0,0.0,-1.0
Scott Young,F,Regular Season,1992-93,Quebec Nordiques,82,30.0,30.0,60.0,20.0,5.0
Scott Young,F,Playoffs,1992-93,Quebec Nordiques,6,4.0,1.0,5.0,0.0,5.0
John Cullen,F,Regular Season,1992-93,Hartford Whalers,19,5.0,4.0,9.0,58.0,-15.0
John Cullen,F,Regular Season,1992-93,Toronto Maple Leafs,47,13.0,28.0,41.0,53.0,-8.0
Peter Ahola,D,Regular Season,1992-93,San Jose Sharks,20,2.0,3.0,5.0,16.0,-6.0
Mike Sullivan,F,Regular Season,1992-93,San Jose Sharks,81,6.0,8.0,14.0,30.0,-42.0
Peter Ahola,D,Regular Season,1992-93,Pittsburgh Penguins,22,0.0,1.0,1.0,14.0,-2.0
David Tomlinson,F,Regular Season,1992-93,Toronto Maple Leafs,3,0.0,0.0,0.0,2.0,0.0
Tony Amonte,F,Regular Season,1992-93,New York Rangers,83,33.0,43.0,76.0,49.0,0.0
Peter Ahola,D,Regular Season,1992-93,Los Angeles Kings,8,1.0,1.0,2.0,6.0,-2.0
John Lilley,F,Regular Season,1993-94,Anaheim Ducks,13,1.0,6.0,7.0,8.0,1.0
David Tomlinson,F,Regular Season,1993-94,Winnipeg Jets (1979),31,1.0,3.0,4.0,24.0,-12.0
Ed Ronan,F,Regular Season,1993-94,Montréal Canadiens,61,6.0,8.0,14.0,42.0,3.0
Ed Ronan,F,Playoffs,1993-94,Montréal Canadiens,7,1.0,0.0,1.0,0.0,-1.0
Mike Sullivan,F,Regular Season,1993-94,San Jose Sharks,26,2.0,2.0,4.0,4.0,-3.0
Mike Sullivan,F,Regular Season,1993-94,Calgary Flames,19,2.0,3.0,5.0,6.0,2.0
Tony Amonte,F,Regular Season,1993-94,New York Rangers,72,16.0,22.0,38.0,31.0,5.0
Tony Amonte,F,Regular Season,1993-94,Chicago Blackhawks,7,1.0,3.0,4.0,6.0,-5.0
Scott Lachance,D,Regular Season,1993-94,New York Islanders,74,3.0,11.0,14.0,70.0,-5.0
Scott Lachance,D,Playoffs,1993-94,New York Islanders,3,0.0,0.0,0.0,0.0,-5.0
Scott Young,F,Regular Season,1993-94,Quebec Nordiques,76,26.0,25.0,51.0,14.0,-4.0
Shawn McEachern,F,Regular Season,1993-94,Los Angeles Kings,49,8.0,13.0,21.0,24.0,1.0
Shawn McEachern,F,Regular Season,1993-94,Pittsburgh Penguins,27,12.0,9.0,21.0,10.0,13.0
Shawn McEachern,F,Playoffs,1993-94,Pittsburgh Penguins,6,1.0,0.0,1.0,2.0,-2.0
Keith Tkachuk,F,Regular Season,1993-94,Winnipeg Jets (1979),84,41.0,40.0,81.0,255.0,-12.0
Tony Amonte,F,Playoffs,1993-94,Chicago Blackhawks,6,4.0,2.0,6.0,4.0,4.0
Mike Sullivan,F,Playoffs,1993-94,Calgary Flames,7,1.0,1.0,2.0,8.0,0.0
John Cullen,F,Playoffs,1993-94,Toronto Maple Leafs,3,0.0,0.0,0.0,0.0,0.0
John Cullen,F,Regular Season,1993-94,Toronto Maple Leafs,53,13.0,17.0,30.0,67.0,-2.0
David Sacco,F,Regular Season,1993-94,Toronto Maple Leafs,4,1.0,1.0,2.0,4.0,-2.0
Joe Sacco,F,Regular Season,1993-94,Anaheim Ducks,84,19.0,18.0,37.0,61.0,-11.0
Peter Ahola,D,Regular Season,1993-94,Calgary Flames,2,0.0,0.0,0.0,0.0,0.0
Adrian Aucoin,D,Playoffs,1994-95,Vancouver Canucks,4,1.0,0.0,1.0,0.0,-1.0
Scott Lachance,D,Regular Season,1994-95,New York Islanders,26,6.0,7.0,13.0,26.0,2.0
Scott Young,F,Playoffs,1994-95,Quebec Nordiques,6,3.0,3.0,6.0,2.0,3.0
Ed Ronan,F,Regular Season,1994-95,Montréal Canadiens,30,1.0,4.0,5.0,12.0,-7.0
John Cullen,F,Regular Season,1994-95,Pittsburgh Penguins,46,13.0,24.0,37.0,66.0,-4.0
Adrian Aucoin,D,Regular Season,1994-95,Vancouver Canucks,1,1.0,0.0,1.0,0.0,1.0
John Lilley,F,Regular Season,1994-95,Anaheim Ducks,9,2.0,2.0,4.0,5.0,2.0
John Cullen,F,Playoffs,1994-95,Pittsburgh Penguins,9,0.0,2.0,2.0,8.0,-4.0
Joe Sacco,F,Regular Season,1994-95,Anaheim Ducks,41,10.0,8.0,18.0,23.0,-8.0
Scott Young,F,Regular Season,1994-95,Quebec Nordiques,48,18.0,21.0,39.0,14.0,9.0
Mike Sullivan,F,Playoffs,1994-95,Calgary Flames,7,3.0,5.0,8.0,2.0,5.0
Keith Tkachuk,F,Regular Season,1994-95,Winnipeg Jets (1979),48,22.0,29.0,51.0,152.0,-4.0
Tony Amonte,F,Regular Season,1994-95,Chicago Blackhawks,48,15.0,20.0,35.0,41.0,7.0
Tony Amonte,F,Playoffs,1994-95,Chicago Blackhawks,16,3.0,3.0,6.0,10.0,3.0
Shawn McEachern,F,Playoffs,1994-95,Pittsburgh Penguins,11,0.0,2.0,2.0,8.0,-2.0
Mike Sullivan,F,Regular Season,1994-95,Calgary Flames,38,4.0,7.0,11.0,14.0,-2.0
David Sacco,F,Regular Season,1994-95,Anaheim Ducks,8,0.0,2.0,2.0,0.0,-3.0
Shawn McEachern,F,Regular Season,1994-95,Pittsburgh Penguins,44,13.0,13.0,26.0,22.0,4.0
David Tomlinson,F,Regular Season,1994-95,Florida Panthers,5,0.0,0.0,0.0,0.0,-2.0
John Cullen,F,Regular Season,1995-96,Tampa Bay Lightning,76,16.0,34.0,50.0,65.0,1.0
David Sacco,F,Regular Season,1995-96,Anaheim Ducks,23,4.0,10.0,14.0,18.0,1.0
Phil Von Stefenelli,D,Regular Season,1995-96,Boston Bruins,27,0.0,4.0,4.0,16.0,2.0
Ed Ronan,F,Regular Season,1995-96,Winnipeg Jets (1979),17,0.0,0.0,0.0,16.0,-3.0
Joe Sacco,F,Regular Season,1995-96,Anaheim Ducks,76,13.0,14.0,27.0,40.0,1.0
Mike Sullivan,F,Playoffs,1995-96,Calgary Flames,4,0.0,0.0,0.0,0.0,-1.0
Mike Sullivan,F,Regular Season,1995-96,Calgary Flames,81,9.0,12.0,21.0,24.0,-6.0
Shawn McEachern,F,Playoffs,1995-96,Boston Bruins,5,2.0,1.0,3.0,8.0,-2.0
Shawn McEachern,F,Regular Season,1995-96,Boston Bruins,82,24.0,29.0,53.0,34.0,-5.0
John Cullen,F,Playoffs,1995-96,Tampa Bay Lightning,5,3.0,3.0,6.0,0.0,4.0
Tony Amonte,F,Playoffs,1995-96,Chicago Blackhawks,7,2.0,4.0,6.0,6.0,2.0
Tony Amonte,F,Regular Season,1995-96,Chicago Blackhawks,81,31.0,32.0,63.0,62.0,10.0
John Lilley,F,Regular Season,1995-96,Anaheim Ducks,1,0.0,0.0,0.0,0.0,-1.0
Adrian Aucoin,D,Playoffs,1995-96,Vancouver Canucks,6,0.0,0.0,0.0,2.0,-5.0
Adrian Aucoin,D,Regular Season,1995-96,Vancouver Canucks,49,4.0,14.0,18.0,34.0,8.0
Scott Lachance,D,Regular Season,1995-96,New York Islanders,55,3.0,10.0,13.0,54.0,-19.0
Keith Tkachuk,F,Playoffs,1995-96,Winnipeg Jets (1979),6,1.0,2.0,3.0,22.0,0.0
Scott Young,F,Playoffs,1995-96,Colorado Avalanche,22,3.0,12.0,15.0,10.0,6.0
Scott Young,F,Regular Season,1995-96,Colorado Avalanche,81,21.0,39.0,60.0,50.0,2.0
Keith Tkachuk,F,Regular Season,1995-96,Winnipeg Jets (1979),76,50.0,48.0,98.0,156.0,11.0
Mike Grier,F,Regular Season,1996-97,Edmonton Oilers,79,15.0,17.0,32.0,45.0,7.0
Keith Tkachuk,F,Regular Season,1996-97,Phoenix Coyotes,81,52.0,34.0,86.0,228.0,-1.0
Shawn McEachern,F,Playoffs,1996-97,Ottawa Senators,7,2.0,0.0,2.0,8.0,-1.0
Shawn McEachern,F,Regular Season,1996-97,Ottawa Senators,65,11.0,20.0,31.0,18.0,-5.0
Chris O'Sullivan,D,Regular Season,1996-97,Calgary Flames,27,2.0,8.0,10.0,2.0,0.0
Adrian Aucoin,D,Regular Season,1996-97,Vancouver Canucks,70,5.0,16.0,21.0,63.0,0.0
Scott Young,F,Regular Season,1996-97,Colorado Avalanche,72,18.0,19.0,37.0,14.0,-5.0
Jay Pandolfo,F,Playoffs,1996-97,New Jersey Devils,6,0.0,1.0,1.0,0.0,-2.0
Scott Young,F,Playoffs,1996-97,Colorado Avalanche,17,4.0,2.0,6.0,14.0,-1.0
Jay Pandolfo,F,Regular Season,1996-97,New Jersey Devils,46,6.0,8.0,14.0,6.0,-1.0
Mike Grier,F,Playoffs,1996-97,Edmonton Oilers,12,3.0,1.0,4.0,4.0,-2.0
Mike Sullivan,F,Regular Season,1996-97,Calgary Flames,67,5.0,6.0,11.0,10.0,-11.0
Tony Amonte,F,Playoffs,1996-97,Chicago Blackhawks,6,4.0,2.0,6.0,8.0,2.0
John Cullen,F,Regular Season,1996-97,Tampa Bay Lightning,70,18.0,37.0,55.0,95.0,-14.0
Tony Amonte,F,Regular Season,1996-97,Chicago Blackhawks,81,41.0,36.0,77.0,64.0,35.0
Keith Tkachuk,F,Playoffs,1996-97,Phoenix Coyotes,7,6.0,0.0,6.0,7.0,2.0
Joe Sacco,F,Regular Season,1996-97,Anaheim Ducks,77,12.0,17.0,29.0,35.0,1.0
Ed Ronan,F,Playoffs,1996-97,Buffalo Sabres,6,1.0,0.0,1.0,6.0,-1.0
Ed Ronan,F,Regular Season,1996-97,Buffalo Sabres,18,1.0,4.0,5.0,11.0,4.0
Joe Sacco,F,Playoffs,1996-97,Anaheim Ducks,11,2.0,0.0,2.0,2.0,-4.0
Phil Von Stefenelli,D,Regular Season,1996-97,Ottawa Senators,6,0.0,1.0,1.0,7.0,-3.0
Nick Vachon,F,Regular Season,1996-97,New York Islanders,1,0.0,0.0,0.0,0.0,-1.0
Scott Lachance,D,Regular Season,1996-97,New York Islanders,81,3.0,11.0,14.0,47.0,-7.0
Rich Brennan,D,Regular Season,1996-97,Colorado Avalanche,2,0.0,0.0,0.0,0.0,0.0
Tony Amonte,F,Regular Season,1997-98,Chicago Blackhawks,82,31.0,42.0,73.0,66.0,21.0
Scott Young,F,Regular Season,1997-98,Anaheim Ducks,73,13.0,20.0,33.0,22.0,-13.0
Joe Sacco,F,Regular Season,1997-98,Anaheim Ducks,55,8.0,11.0,19.0,24.0,-1.0
Mike Sullivan,F,Regular Season,1997-98,Boston Bruins,77,5.0,13.0,18.0,34.0,-1.0
Adrian Aucoin,D,Regular Season,1997-98,Vancouver Canucks,35,3.0,3.0,6.0,21.0,-4.0
Scott Lachance,D,Regular Season,1997-98,New York Islanders,63,2.0,11.0,13.0,45.0,-11.0
Joe Sacco,F,Regular Season,1997-98,New York Islanders,25,3.0,3.0,6.0,10.0,1.0
Mike Sullivan,F,Playoffs,1997-98,Boston Bruins,6,0.0,1.0,1.0,2.0,0.0
Jay Pandolfo,F,Regular Season,1997-98,New Jersey Devils,23,1.0,3.0,4.0,4.0,-4.0
Jay Pandolfo,F,Playoffs,1997-98,New Jersey Devils,3,0.0,2.0,2.0,0.0,0.0
Chris O'Sullivan,D,Regular Season,1997-98,Calgary Flames,12,0.0,2.0,2.0,10.0,4.0
Shawn McEachern,F,Regular Season,1997-98,Ottawa Senators,81,24.0,24.0,48.0,42.0,1.0
Shawn McEachern,F,Playoffs,1997-98,Ottawa Senators,11,0.0,4.0,4.0,8.0,-6.0
Doug Friedman,F,Regular Season,1997-98,Edmonton Oilers,16,0.0,0.0,0.0,20.0,0.0
Shawn Bates,F,Regular Season,1997-98,Boston Bruins,13,2.0,0.0,2.0,2.0,-3.0
Rich Brennan,D,Regular Season,1997-98,San Jose Sharks,11,1.0,2.0,3.0,2.0,-4.0
Keith Tkachuk,F,Regular Season,1997-98,Phoenix Coyotes,69,40.0,26.0,66.0,147.0,9.0
Keith Tkachuk,F,Playoffs,1997-98,Phoenix Coyotes,6,3.0,3.0,6.0,10.0,-1.0
Mike Grier,F,Playoffs,1997-98,Edmonton Oilers,12,2.0,2.0,4.0,13.0,4.0
Mike Grier,F,Regular Season,1997-98,Edmonton Oilers,66,9.0,6.0,15.0,73.0,-3.0
Chris Drury,F,Regular Season,1998-99,Colorado Avalanche,79,20.0,24.0,44.0,62.0,9.0
Tony Amonte,F,Regular Season,1998-99,Chicago Blackhawks,82,44.0,31.0,75.0,60.0,0.0
Joe Sacco,F,Regular Season,1998-99,New York Islanders,73,3.0,0.0,3.0,45.0,-24.0
Rich Brennan,D,Regular Season,1998-99,New York Rangers,24,1.0,3.0,4.0,23.0,-4.0
Dan LaCouture,F,Regular Season,1998-99,Edmonton Oilers,3,0.0,0.0,0.0,0.0,1.0
Keith Tkachuk,F,Playoffs,1998-99,Phoenix Coyotes,7,1.0,3.0,4.0,13.0,-4.0
Scott Lachance,D,Regular Season,1998-99,Montréal Canadiens,17,1.0,1.0,2.0,11.0,-2.0
Keith Tkachuk,F,Regular Season,1998-99,Phoenix Coyotes,68,36.0,32.0,68.0,151.0,22.0
Adrian Aucoin,D,Regular Season,1998-99,Vancouver Canucks,82,23.0,11.0,34.0,77.0,-14.0
Jay Pandolfo,F,Playoffs,1998-99,New Jersey Devils,7,1.0,0.0,1.0,0.0,-5.0
Scott Young,F,Regular Season,1998-99,St. Louis Blues,75,24.0,28.0,52.0,27.0,8.0
Jay Pandolfo,F,Regular Season,1998-99,New Jersey Devils,70,14.0,13.0,27.0,10.0,3.0
Tom Poti,D,Playoffs,1998-99,Edmonton Oilers,4,0.0,1.0,1.0,2.0,-3.0
Tom Poti,D,Regular Season,1998-99,Edmonton Oilers,73,5.0,16.0,21.0,42.0,10.0
Scott Lachance,D,Regular Season,1998-99,New York Islanders,59,1.0,8.0,9.0,30.0,-19.0
Shawn Bates,F,Playoffs,1998-99,Boston Bruins,12,0.0,0.0,0.0,4.0,-1.0
Doug Friedman,F,Regular Season,1998-99,Nashville Predators,2,0.0,1.0,1.0,14.0,0.0
Shawn Bates,F,Regular Season,1998-99,Boston Bruins,33,5.0,4.0,9.0,2.0,3.0
Mike Grier,F,Regular Season,1998-99,Edmonton Oilers,82,20.0,24.0,44.0,54.0,5.0
Chris O'Sullivan,D,Regular Season,1998-99,Calgary Flames,10,0.0,1.0,1.0,2.0,-1.0
Mike Grier,F,Playoffs,1998-99,Edmonton Oilers,4,1.0,1.0,2.0,6.0,3.0
Chris Drury,F,Playoffs,1998-99,Colorado Avalanche,19,6.0,2.0,8.0,4.0,2.0
Shawn McEachern,F,Playoffs,1998-99,Ottawa Senators,4,2.0,0.0,2.0,6.0,1.0
Scott Young,F,Playoffs,1998-99,St. Louis Blues,13,4.0,7.0,11.0,10.0,2.0
Shawn McEachern,F,Regular Season,1998-99,Ottawa Senators,77,31.0,25.0,56.0,46.0,8.0
Mike Sullivan,F,Regular Season,1998-99,Phoenix Coyotes,63,2.0,4.0,6.0,24.0,-11.0
John Cullen,F,Regular Season,1998-99,Tampa Bay Lightning,4,0.0,0.0,0.0,2.0,-2.0
Mike Sullivan,F,Playoffs,1998-99,Phoenix Coyotes,5,0.0,0.0,0.0,2.0,0.0
Keith Tkachuk,F,Playoffs,1999-00,Phoenix Coyotes,5,1.0,1.0,2.0,4.0,-4.0
Keith Tkachuk,F,Regular Season,1999-00,Phoenix Coyotes,50,22.0,21.0,43.0,82.0,7.0
Mike Sullivan,F,Playoffs,1999-00,Phoenix Coyotes,5,0.0,1.0,1.0,0.0,-1.0
Mike Grier,F,Regular Season,1999-00,Edmonton Oilers,65,9.0,22.0,31.0,68.0,9.0
Scott Young,F,Playoffs,1999-00,St. Louis Blues,6,6.0,2.0,8.0,8.0,1.0
Adrian Aucoin,D,Regular Season,1999-00,Vancouver Canucks,57,10.0,14.0,24.0,30.0,7.0
Jay Pandolfo,F,Playoffs,1999-00,New Jersey Devils,23,0.0,5.0,5.0,0.0,3.0
Mike Sullivan,F,Regular Season,1999-00,Phoenix Coyotes,79,5.0,10.0,15.0,10.0,-4.0
Scott Lachance,D,Regular Season,1999-00,Montréal Canadiens,57,0.0,6.0,6.0,22.0,-4.0
Scott Young,F,Regular Season,1999-00,St. Louis Blues,75,24.0,15.0,39.0,18.0,12.0
Shawn McEachern,F,Playoffs,1999-00,Ottawa Senators,6,0.0,3.0,3.0,4.0,0.0
Jay Pandolfo,F,Regular Season,1999-00,New Jersey Devils,71,7.0,8.0,15.0,4.0,0.0
Dan LaCouture,F,Playoffs,1999-00,Edmonton Oilers,1,0.0,0.0,0.0,0.0,0.0
Dan LaCouture,F,Regular Season,1999-00,Edmonton Oilers,5,0.0,0.0,0.0,10.0,0.0
Tom Poti,D,Playoffs,1999-00,Edmonton Oilers,5,0.0,1.0,1.0,0.0,-3.0
Tom Poti,D,Regular Season,1999-00,Edmonton Oilers,76,9.0,26.0,35.0,65.0,8.0
Chris Drury,F,Playoffs,1999-00,Colorado Avalanche,17,4.0,10.0,14.0,4.0,7.0
Chris Drury,F,Regular Season,1999-00,Colorado Avalanche,82,20.0,47.0,67.0,42.0,8.0
Joe Sacco,F,Playoffs,1999-00,Washington Capitals,5,0.0,0.0,0.0,4.0,-2.0
Joe Sacco,F,Regular Season,1999-00,Washington Capitals,79,7.0,16.0,23.0,50.0,7.0
Chris O'Sullivan,D,Regular Season,1999-00,Vancouver Canucks,11,0.0,5.0,5.0,2.0,2.0
Shawn Bates,F,Regular Season,1999-00,Boston Bruins,44,5.0,7.0,12.0,14.0,-17.0
Tony Amonte,F,Regular Season,1999-00,Chicago Blackhawks,82,43.0,41.0,84.0,48.0,10.0
Shawn McEachern,F,Regular Season,1999-00,Ottawa Senators,69,29.0,22.0,51.0,24.0,2.0
Tom Poti,D,Regular Season,2000-01,Edmonton Oilers,81,12.0,20.0,32.0,60.0,-4.0
Tom Poti,D,Playoffs,2000-01,Edmonton Oilers,6,0.0,2.0,2.0,2.0,2.0
Dan LaCouture,F,Playoffs,2000-01,Pittsburgh Penguins,5,0.0,0.0,0.0,2.0,0.0
Jay Pandolfo,F,Playoffs,2000-01,New Jersey Devils,25,1.0,4.0,5.0,4.0,-1.0
Dan LaCouture,F,Regular Season,2000-01,Pittsburgh Penguins,11,0.0,0.0,0.0,14.0,0.0
Dan LaCouture,F,Regular Season,2000-01,Edmonton Oilers,37,2.0,4.0,6.0,29.0,-2.0
Shawn McEachern,F,Regular Season,2000-01,Ottawa Senators,82,32.0,40.0,72.0,62.0,10.0
Rich Brennan,D,Regular Season,2000-01,Los Angeles Kings,2,0.0,0.0,0.0,0.0,-3.0
Shawn McEachern,F,Playoffs,2000-01,Ottawa Senators,4,0.0,2.0,2.0,2.0,1.0
Joe Sacco,F,Playoffs,2000-01,Washington Capitals,6,0.0,0.0,0.0,2.0,-1.0
Shawn Bates,F,Regular Season,2000-01,Boston Bruins,45,2.0,3.0,5.0,26.0,-12.0
Jay Pandolfo,F,Regular Season,2000-01,New Jersey Devils,63,4.0,12.0,16.0,16.0,3.0
Joe Sacco,F,Regular Season,2000-01,Washington Capitals,69,7.0,7.0,14.0,48.0,4.0
Scott Young,F,Regular Season,2000-01,St. Louis Blues,81,40.0,33.0,73.0,30.0,15.0
Scott Lachance,D,Regular Season,2000-01,Vancouver Canucks,76,3.0,11.0,14.0,46.0,5.0
Keith Tkachuk,F,Playoffs,2000-01,St. Louis Blues,15,2.0,7.0,9.0,20.0,0.0
Rick DiPietro,G,Regular Season,2000-01,New York Islanders,20,0.0,2.0,0.0,6.0,
Keith Tkachuk,F,Regular Season,2000-01,St. Louis Blues,12,6.0,2.0,8.0,14.0,-3.0
Keith Tkachuk,F,Regular Season,2000-01,Phoenix Coyotes,64,29.0,42.0,71.0,108.0,6.0
Chris Drury,F,Playoffs,2000-01,Colorado Avalanche,23,11.0,5.0,16.0,4.0,5.0
Chris Drury,F,Regular Season,2000-01,Colorado Avalanche,71,24.0,41.0,65.0,47.0,6.0
Michel Larocque,G,Regular Season,2000-01,Chicago Blackhawks,3,0.0,0.0,0.0,0.0,
Mike Sullivan,F,Regular Season,2000-01,Phoenix Coyotes,72,5.0,4.0,9.0,16.0,-6.0
Tony Amonte,F,Regular Season,2000-01,Chicago Blackhawks,82,35.0,29.0,64.0,54.0,-22.0
Mike Grier,F,Regular Season,2000-01,Edmonton Oilers,74,20.0,16.0,36.0,20.0,11.0
Scott Lachance,D,Playoffs,2000-01,Vancouver Canucks,2,0.0,1.0,1.0,2.0,0.0
Adrian Aucoin,D,Regular Season,2000-01,Vancouver Canucks,47,3.0,13.0,16.0,20.0,13.0
Adrian Aucoin,D,Regular Season,2000-01,Tampa Bay Lightning,26,1.0,11.0,12.0,25.0,-8.0
Mike Grier,F,Playoffs,2000-01,Edmonton Oilers,6,0.0,0.0,0.0,8.0,-2.0
Scott Young,F,Playoffs,2000-01,St. Louis Blues,15,6.0,7.0,13.0,2.0,9.0
Adrian Aucoin,D,Regular Season,2001-02,New York Islanders,81,12.0,22.0,34.0,62.0,23.0
Chris Kelleher,D,Regular Season,2001-02,Boston Bruins,1,0.0,0.0,0.0,0.0,0.0
Shawn McEachern,F,Playoffs,2001-02,Ottawa Senators,12,0.0,4.0,4.0,2.0,3.0
Scott Young,F,Regular Season,2001-02,St. Louis Blues,67,19.0,22.0,41.0,26.0,11.0
Dan LaCouture,F,Regular Season,2001-02,Pittsburgh Penguins,82,6.0,11.0,17.0,71.0,-19.0
Keith Tkachuk,F,Playoffs,2001-02,St. Louis Blues,10,5.0,5.0,10.0,18.0,1.0
Chris Drury,F,Playoffs,2001-02,Colorado Avalanche,21,5.0,7.0,12.0,10.0,4.0
Chris Drury,F,Regular Season,2001-02,Colorado Avalanche,82,21.0,25.0,46.0,38.0,1.0
Tom Poti,D,Regular Season,2001-02,Edmonton Oilers,55,1.0,16.0,17.0,42.0,-6.0
Tom Poti,D,Regular Season,2001-02,New York Rangers,11,1.0,7.0,8.0,2.0,-4.0
Jay Pandolfo,F,Playoffs,2001-02,New Jersey Devils,6,0.0,0.0,0.0,0.0,0.0
Scott Young,F,Playoffs,2001-02,St. Louis Blues,10,3.0,0.0,3.0,2.0,-1.0
Adrian Aucoin,D,Playoffs,2001-02,New York Islanders,7,2.0,5.0,7.0,4.0,-1.0
Joe Sacco,F,Regular Season,2001-02,Washington Capitals,65,0.0,7.0,7.0,51.0,-13.0
Mike Sullivan,F,Regular Season,2001-02,Phoenix Coyotes,42,1.0,2.0,3.0,16.0,-3.0
Jay Pandolfo,F,Regular Season,2001-02,New Jersey Devils,65,4.0,10.0,14.0,15.0,12.0
Scott Lachance,D,Playoffs,2001-02,Vancouver Canucks,6,1.0,1.0,2.0,4.0,2.0
Scott Lachance,D,Regular Season,2001-02,Vancouver Canucks,81,1.0,10.0,11.0,50.0,15.0
Shawn Bates,F,Playoffs,2001-02,New York Islanders,7,2.0,4.0,6.0,11.0,-5.0
Shawn Bates,F,Regular Season,2001-02,New York Islanders,71,17.0,35.0,52.0,30.0,18.0
Mike Grier,F,Regular Season,2001-02,Edmonton Oilers,82,8.0,17.0,25.0,32.0,1.0
Keith Tkachuk,F,Regular Season,2001-02,St. Louis Blues,73,38.0,37.0,75.0,117.0,21.0
Shawn McEachern,F,Regular Season,2001-02,Ottawa Senators,80,15.0,31.0,46.0,52.0,9.0
Rich Brennan,D,Regular Season,2001-02,Nashville Predators,4,0.0,0.0,0.0,2.0,0.0
Tony Amonte,F,Playoffs,2001-02,Chicago Blackhawks,5,0.0,1.0,1.0,4.0,1.0
Tony Amonte,F,Regular Season,2001-02,Chicago Blackhawks,82,27.0,39.0,66.0,67.0,11.0
Jay Pandolfo,F,Playoffs,2002-03,New Jersey Devils,24,6.0,6.0,12.0,2.0,9.0
Keith Tkachuk,F,Playoffs,2002-03,St. Louis Blues,7,1.0,3.0,4.0,14.0,-1.0
Rich Brennan,D,Regular Season,2002-03,Boston Bruins,7,0.0,1.0,1.0,6.0,3.0
Jay Pandolfo,F,Regular Season,2002-03,New Jersey Devils,68,6.0,11.0,17.0,23.0,12.0
Joe DiPenta,D,Regular Season,2002-03,Atlanta Thrashers,3,1.0,1.0,2.0,0.0,3.0
Shawn McEachern,F,Regular Season,2002-03,Atlanta Thrashers,46,10.0,16.0,26.0,28.0,-27.0
Shawn Bates,F,Playoffs,2002-03,New York Islanders,5,1.0,0.0,1.0,0.0,-2.0
Shawn Bates,F,Regular Season,2002-03,New York Islanders,74,13.0,29.0,42.0,52.0,-9.0
Keith Tkachuk,F,Regular Season,2002-03,St. Louis Blues,56,31.0,24.0,55.0,139.0,1.0
Chris O'Sullivan,D,Regular Season,2002-03,Anaheim Ducks,2,0.0,1.0,1.0,0.0,0.0
Dan LaCouture,F,Regular Season,2002-03,Pittsburgh Penguins,44,2.0,2.0,4.0,72.0,-8.0
Rick DiPietro,G,Regular Season,2002-03,New York Islanders,10,0.0,0.0,0.0,2.0,
Adrian Aucoin,D,Regular Season,2002-03,New York Islanders,73,8.0,27.0,35.0,70.0,-5.0
Tom Poti,D,Regular Season,2002-03,New York Rangers,80,11.0,37.0,48.0,58.0,-6.0
Adrian Aucoin,D,Playoffs,2002-03,New York Islanders,5,1.0,2.0,3.0,4.0,-1.0
Mike Grier,F,Playoffs,2002-03,Washington Capitals,6,1.0,1.0,2.0,2.0,0.0
Rick DiPietro,G,Playoffs,2002-03,New York Islanders,1,0.0,0.0,0.0,0.0,
Tony Amonte,F,Playoffs,2002-03,Philadelphia Flyers,13,1.0,6.0,7.0,4.0,2.0
Scott Young,F,Playoffs,2002-03,Dallas Stars,10,4.0,3.0,7.0,6.0,5.0
Tony Amonte,F,Regular Season,2002-03,Philadelphia Flyers,13,7.0,8.0,15.0,2.0,12.0
Joe Sacco,F,Regular Season,2002-03,Philadelphia Flyers,34,1.0,5.0,6.0,20.0,0.0
Joe Sacco,F,Playoffs,2002-03,Philadelphia Flyers,4,0.0,0.0,0.0,0.0,-2.0
Scott Lachance,D,Regular Season,2002-03,Columbus Blue Jackets,61,0.0,1.0,1.0,46.0,-20.0
Dan LaCouture,F,Regular Season,2002-03,New York Rangers,24,1.0,4.0,5.0,0.0,4.0
Mike Grier,F,Regular Season,2002-03,Washington Capitals,82,15.0,17.0,32.0,36.0,-14.0
Chris Drury,F,Regular Season,2002-03,Calgary Flames,80,23.0,30.0,53.0,33.0,-9.0
Tony Amonte,F,Regular Season,2002-03,Phoenix Coyotes,59,13.0,23.0,36.0,26.0,-12.0
Scott Young,F,Regular Season,2002-03,Dallas Stars,79,23.0,19.0,42.0,30.0,24.0
Dan LaCouture,F,Regular Season,2003-04,New York Rangers,59,5.0,2.0,7.0,82.0,-13.0
Scott Young,F,Playoffs,2003-04,Dallas Stars,4,1.0,0.0,1.0,2.0,1.0
Carl Corazzini,F,Regular Season,2003-04,Boston Bruins,12,2.0,0.0,2.0,0.0,2.0
Scott Young,F,Regular Season,2003-04,Dallas Stars,53,8.0,8.0,16.0,14.0,-15.0
Keith Tkachuk,F,Regular Season,2003-04,St. Louis Blues,75,33.0,38.0,71.0,83.0,8.0
Scott Lachance,D,Regular Season,2003-04,Columbus Blue Jackets,77,0.0,4.0,4.0,44.0,-23.0
Jay Pandolfo,F,Regular Season,2003-04,New Jersey Devils,82,13.0,13.0,26.0,14.0,5.0
Adrian Aucoin,D,Playoffs,2003-04,New York Islanders,5,0.0,0.0,0.0,6.0,-6.0
Adrian Aucoin,D,Regular Season,2003-04,New York Islanders,81,13.0,31.0,44.0,54.0,29.0
Tom Poti,D,Regular Season,2003-04,New York Rangers,67,10.0,14.0,24.0,47.0,-1.0
Freddy Meyer,D,Regular Season,2003-04,Philadelphia Flyers,1,0.0,0.0,0.0,0.0,0.0
Tony Amonte,F,Playoffs,2003-04,Philadelphia Flyers,18,3.0,5.0,8.0,6.0,7.0
Tony Amonte,F,Regular Season,2003-04,Philadelphia Flyers,80,20.0,33.0,53.0,38.0,13.0
Keith Tkachuk,F,Playoffs,2003-04,St. Louis Blues,5,0.0,2.0,2.0,10.0,-1.0
Chris Drury,F,Regular Season,2003-04,Buffalo Sabres,76,18.0,35.0,53.0,68.0,8.0
Mike Grier,F,Regular Season,2003-04,Buffalo Sabres,14,1.0,8.0,9.0,4.0,10.0
Rick DiPietro,G,Regular Season,2003-04,New York Islanders,50,0.0,2.0,0.0,22.0,
Mike Pandolfo,F,Regular Season,2003-04,Columbus Blue Jackets,3,0.0,0.0,0.0,0.0,-2.0
Shawn McEachern,F,Regular Season,2003-04,Atlanta Thrashers,82,17.0,38.0,55.0,76.0,5.0
Jay Pandolfo,F,Playoffs,2003-04,New Jersey Devils,5,0.0,0.0,0.0,0.0,0.0
Mike Grier,F,Regular Season,2003-04,Washington Capitals,68,8.0,12.0,20.0,32.0,-19.0
Rick DiPietro,G,Playoffs,2003-04,New York Islanders,5,0.0,0.0,0.0,0.0,
Shawn Bates,F,Regular Season,2003-04,New York Islanders,69,9.0,23.0,32.0,46.0,-8.0
Shawn Bates,F,Playoffs,2003-04,New York Islanders,5,0.0,0.0,0.0,4.0,-2.0
Chris Drury,F,Regular Season,2005-06,Buffalo Sabres,81,30.0,37.0,67.0,32.0,-11.0
Mike Grier,F,Playoffs,2005-06,Buffalo Sabres,18,3.0,5.0,8.0,2.0,3.0
Jay Pandolfo,F,Regular Season,2005-06,New Jersey Devils,82,10.0,10.0,20.0,16.0,2.0
Jay Pandolfo,F,Playoffs,2005-06,New Jersey Devils,9,1.0,4.0,5.0,0.0,1.0
Tom Poti,D,Playoffs,2005-06,New York Rangers,4,0.0,0.0,0.0,2.0,-4.0
Tom Poti,D,Regular Season,2005-06,New York Rangers,73,3.0,20.0,23.0,70.0,16.0
Chris Drury,F,Playoffs,2005-06,Buffalo Sabres,18,9.0,9.0,18.0,10.0,5.0
Mike Grier,F,Regular Season,2005-06,Buffalo Sabres,81,7.0,16.0,23.0,28.0,-7.0
Shawn McEachern,F,Regular Season,2005-06,Boston Bruins,28,2.0,6.0,8.0,22.0,-12.0
Freddy Meyer,D,Playoffs,2005-06,Philadelphia Flyers,6,0.0,1.0,1.0,8.0,-5.0
Ryan Whitney,D,Regular Season,2005-06,Pittsburgh Penguins,68,6.0,32.0,38.0,85.0,-7.0
Rick DiPietro,G,Regular Season,2005-06,New York Islanders,63,0.0,1.0,0.0,28.0,
Scott Young,F,Regular Season,2005-06,St. Louis Blues,79,18.0,31.0,49.0,52.0,-32.0
Keith Tkachuk,F,Regular Season,2005-06,St. Louis Blues,41,15.0,21.0,36.0,46.0,-15.0
Joe DiPenta,D,Regular Season,2005-06,Anaheim Ducks,72,2.0,6.0,8.0,46.0,8.0
Shawn Bates,F,Regular Season,2005-06,New York Islanders,66,15.0,19.0,34.0,60.0,-11.0
Tony Amonte,F,Regular Season,2005-06,Calgary Flames,80,14.0,28.0,42.0,43.0,3.0
Joe DiPenta,D,Playoffs,2005-06,Anaheim Ducks,16,0.0,0.0,0.0,13.0,1.0
Freddy Meyer,D,Regular Season,2005-06,Philadelphia Flyers,57,6.0,21.0,27.0,33.0,10.0
Dan LaCouture,F,Regular Season,2005-06,Boston Bruins,55,2.0,2.0,4.0,53.0,-6.0
Adrian Aucoin,D,Regular Season,2005-06,Chicago Blackhawks,33,1.0,5.0,6.0,38.0,-13.0
Tony Amonte,F,Playoffs,2005-06,Calgary Flames,7,2.0,1.0,3.0,10.0,2.0
Freddy Meyer,D,Regular Season,2006-07,Philadelphia Flyers,25,2.0,3.0,5.0,14.0,-4.0
Freddy Meyer,D,Regular Season,2006-07,New York Islanders,35,0.0,3.0,3.0,24.0,0.0
Tom Poti,D,Playoffs,2006-07,New York Islanders,5,0.0,3.0,3.0,6.0,0.0
Mike Grier,F,Playoffs,2006-07,San Jose Sharks,11,2.0,2.0,4.0,27.0,1.0
Mike Grier,F,Regular Season,2006-07,San Jose Sharks,81,16.0,17.0,33.0,43.0,-5.0
Tom Poti,D,Regular Season,2006-07,New York Islanders,78,6.0,38.0,44.0,74.0,-1.0
Rick DiPietro,G,Playoffs,2006-07,New York Islanders,4,0.0,0.0,0.0,0.0,
Tony Amonte,F,Regular Season,2006-07,Calgary Flames,81,10.0,20.0,30.0,40.0,-4.0
Tony Amonte,F,Playoffs,2006-07,Calgary Flames,6,0.0,1.0,1.0,0.0,-1.0
Keith Tkachuk,F,Regular Season,2006-07,St. Louis Blues,61,20.0,23.0,43.0,92.0,3.0
Adrian Aucoin,D,Regular Season,2006-07,Chicago Blackhawks,59,4.0,12.0,16.0,50.0,-22.0
Keith Tkachuk,F,Playoffs,2006-07,Atlanta Thrashers,4,1.0,2.0,3.0,12.0,2.0
Chris Drury,F,Playoffs,2006-07,Buffalo Sabres,16,8.0,5.0,13.0,2.0,3.0
Chris Drury,F,Regular Season,2006-07,Buffalo Sabres,77,37.0,32.0,69.0,30.0,1.0
Rick DiPietro,G,Regular Season,2006-07,New York Islanders,62,0.0,2.0,0.0,24.0,
Keith Tkachuk,F,Regular Season,2006-07,Atlanta Thrashers,18,7.0,8.0,15.0,34.0,8.0
Ryan Whitney,D,Playoffs,2006-07,Pittsburgh Penguins,5,1.0,1.0,2.0,6.0,-4.0
Jay Pandolfo,F,Regular Season,2006-07,New Jersey Devils,82,13.0,14.0,27.0,8.0,-5.0
Joe DiPenta,D,Playoffs,2006-07,Anaheim Ducks,16,0.0,0.0,0.0,4.0,0.0
Ryan Whitney,D,Regular Season,2006-07,Pittsburgh Penguins,81,14.0,45.0,59.0,77.0,9.0
Joe DiPenta,D,Regular Season,2006-07,Anaheim Ducks,76,2.0,6.0,8.0,48.0,1.0
Shawn Bates,F,Regular Season,2006-07,New York Islanders,48,4.0,6.0,10.0,34.0,13.0
Dan LaCouture,F,Regular Season,2006-07,New Jersey Devils,6,0.0,0.0,0.0,7.0,0.0
Jay Pandolfo,F,Playoffs,2006-07,New Jersey Devils,11,1.0,0.0,1.0,4.0,-8.0
Carl Corazzini,F,Regular Season,2006-07,Chicago Blackhawks,7,0.0,1.0,1.0,2.0,0.0
Jay Pandolfo,F,Regular Season,2007-08,New Jersey Devils,54,12.0,12.0,24.0,22.0,10.0
Jay Pandolfo,F,Playoffs,2007-08,New Jersey Devils,5,0.0,0.0,0.0,2.0,-2.0
Chris Drury,F,Playoffs,2007-08,New York Rangers,10,3.0,3.0,6.0,8.0,3.0
Chris Drury,F,Regular Season,2007-08,New York Rangers,82,25.0,33.0,58.0,45.0,-3.0
Ryan Whitney,D,Playoffs,2007-08,Pittsburgh Penguins,20,1.0,5.0,6.0,25.0,8.0
Shawn Bates,F,Regular Season,2007-08,New York Islanders,2,0.0,0.0,0.0,0.0,-2.0
Adrian Aucoin,D,Playoffs,2007-08,Calgary Flames,7,0.0,3.0,3.0,4.0,3.0
Tom Poti,D,Playoffs,2007-08,Washington Capitals,7,0.0,1.0,1.0,8.0,-1.0
Tom Poti,D,Regular Season,2007-08,Washington Capitals,71,2.0,27.0,29.0,46.0,9.0
Mike Grier,F,Playoffs,2007-08,San Jose Sharks,13,0.0,1.0,1.0,2.0,-2.0
Adrian Aucoin,D,Regular Season,2007-08,Calgary Flames,76,10.0,25.0,35.0,37.0,13.0
Keith Tkachuk,F,Regular Season,2007-08,St. Louis Blues,79,27.0,31.0,58.0,69.0,-2.0
Chris Bourque,F,Regular Season,2007-08,Washington Capitals,4,0.0,0.0,0.0,2.0,0.0
Rick DiPietro,G,Regular Season,2007-08,New York Islanders,63,0.0,6.0,0.0,18.0,
Freddy Meyer,D,Regular Season,2007-08,New York Islanders,52,3.0,9.0,12.0,22.0,6.0
Freddy Meyer,D,Regular Season,2007-08,Phoenix Coyotes,5,0.0,0.0,0.0,0.0,-4.0
Ryan Whitney,D,Regular Season,2007-08,Pittsburgh Penguins,76,12.0,28.0,40.0,45.0,-2.0
Mike Grier,F,Regular Season,2007-08,San Jose Sharks,78,9.0,13.0,22.0,24.0,-8.0
Joe DiPenta,D,Regular Season,2007-08,Anaheim Ducks,23,1.0,4.0,5.0,16.0,3.0
Chris Drury,F,Regular Season,2008-09,New York Rangers,81,22.0,34.0,56.0,32.0,-8.0
Chris Drury,F,Playoffs,2008-09,New York Rangers,6,1.0,0.0,1.0,2.0,-5.0
Ryan Whitney,D,Regular Season,2008-09,Pittsburgh Penguins,28,2.0,11.0,13.0,16.0,-15.0
Dan LaCouture,F,Regular Season,2008-09,Carolina Hurricanes,11,2.0,0.0,2.0,10.0,-1.0
Chris Bourque,F,Regular Season,2008-09,Washington Capitals,8,1.0,0.0,1.0,0.0,0.0
Freddy Meyer,D,Regular Season,2008-09,New York Islanders,27,4.0,5.0,9.0,14.0,-19.0
John Curry,G,Regular Season,2008-09,Pittsburgh Penguins,3,0.0,0.0,0.0,0.0,
Adrian Aucoin,D,Regular Season,2008-09,Calgary Flames,81,10.0,24.0,34.0,46.0,-8.0
Tom Poti,D,Playoffs,2008-09,Washington Capitals,14,2.0,5.0,7.0,4.0,8.0
David Van der Gulik,F,Regular Season,2008-09,Calgary Flames,6,0.0,2.0,2.0,0.0,-1.0
Keith Tkachuk,F,Playoffs,2008-09,St. Louis Blues,4,0.0,0.0,0.0,2.0,-1.0
Keith Tkachuk,F,Regular Season,2008-09,St. Louis Blues,79,25.0,24.0,49.0,61.0,-11.0
Jay Pandolfo,F,Regular Season,2008-09,New Jersey Devils,61,5.0,5.0,10.0,10.0,-12.0
Jay Pandolfo,F,Playoffs,2008-09,New Jersey Devils,7,1.0,0.0,1.0,0.0,-2.0
Ryan Whitney,D,Regular Season,2008-09,Anaheim Ducks,20,0.0,10.0,10.0,12.0,1.0
Ryan Whitney,D,Playoffs,2008-09,Anaheim Ducks,13,1.0,5.0,6.0,9.0,-1.0
Rick DiPietro,G,Regular Season,2008-09,New York Islanders,5,0.0,2.0,0.0,2.0,
Adrian Aucoin,D,Playoffs,2008-09,Calgary Flames,6,2.0,1.0,3.0,2.0,-2.0
Tom Poti,D,Regular Season,2008-09,Washington Capitals,52,3.0,10.0,13.0,28.0,3.0
Mike Grier,F,Regular Season,2008-09,San Jose Sharks,62,10.0,13.0,23.0,25.0,8.0
Mike Grier,F,Playoffs,2008-09,San Jose Sharks,6,0.0,0.0,0.0,6.0,-2.0
Keith Tkachuk,F,Regular Season,2009-10,St. Louis Blues,67,13.0,19.0,32.0,56.0,-2.0
Rick DiPietro,G,Regular Season,2009-10,New York Islanders,8,0.0,1.0,0.0,2.0,
Colin Wilson,F,Regular Season,2009-10,Nashville Predators,35,8.0,7.0,15.0,7.0,-2.0
Colin Wilson,F,Playoffs,2009-10,Nashville Predators,6,0.0,1.0,1.0,0.0,-1.0
Nick Bonino,F,Regular Season,2009-10,Anaheim Ducks,9,1.0,1.0,2.0,6.0,0.0
Mike Grier,F,Regular Season,2009-10,Buffalo Sabres,73,10.0,12.0,22.0,14.0,-4.0
Ryan Whitney,D,Regular Season,2009-10,Edmonton Oilers,19,3.0,8.0,11.0,22.0,7.0
Ryan Whitney,D,Regular Season,2009-10,Anaheim Ducks,62,4.0,24.0,28.0,48.0,-6.0
John Curry,G,Regular Season,2009-10,Pittsburgh Penguins,1,0.0,0.0,0.0,0.0,
Chris Drury,F,Regular Season,2009-10,New York Rangers,77,14.0,18.0,32.0,31.0,-10.0
Mike Grier,F,Playoffs,2009-10,Buffalo Sabres,6,2.0,0.0,2.0,2.0,0.0
John McCarthy,F,Regular Season,2009-10,San Jose Sharks,4,0.0,0.0,0.0,0.0,-3.0
Chris Bourque,F,Regular Season,2009-10,Washington Capitals,1,0.0,0.0,0.0,0.0,-2.0
Chris Bourque,F,Regular Season,2009-10,Pittsburgh Penguins,20,0.0,3.0,3.0,10.0,-4.0
Jay Pandolfo,F,Regular Season,2009-10,New Jersey Devils,52,4.0,5.0,9.0,6.0,-10.0
Adrian Aucoin,D,Regular Season,2009-10,Phoenix Coyotes,82,8.0,20.0,28.0,56.0,2.0
Adrian Aucoin,D,Playoffs,2009-10,Phoenix Coyotes,7,0.0,2.0,2.0,10.0,3.0
Matt Gilroy,D,Regular Season,2009-10,New York Rangers,69,4.0,11.0,15.0,23.0,0.0
Brandon Yip,F,Regular Season,2009-10,Colorado Avalanche,32,11.0,8.0,19.0,22.0,5.0
Brandon Yip,F,Playoffs,2009-10,Colorado Avalanche,6,2.0,2.0,4.0,6.0,-3.0
Tom Poti,D,Regular Season,2009-10,Washington Capitals,70,4.0,20.0,24.0,42.0,26.0
Tom Poti,D,Playoffs,2009-10,Washington Capitals,6,0.0,4.0,4.0,5.0,9.0
Freddy Meyer,D,Regular Season,2009-10,New York Islanders,64,4.0,11.0,15.0,40.0,-2.0
Freddy Meyer,D,Regular Season,2010-11,Atlanta Thrashers,15,1.0,1.0,2.0,8.0,-7.0
Adrian Aucoin,D,Regular Season,2010-11,Phoenix Coyotes,75,3.0,19.0,22.0,52.0,18.0
Adrian Aucoin,D,Playoffs,2010-11,Phoenix Coyotes,4,0.0,0.0,0.0,2.0,-4.0
Brandon Yip,F,Regular Season,2010-11,Colorado Avalanche,71,12.0,10.0,22.0,54.0,-22.0
Tom Poti,D,Regular Season,2010-11,Washington Capitals,21,2.0,5.0,7.0,8.0,-4.0
Mike Grier,F,Regular Season,2010-11,Buffalo Sabres,73,5.0,11.0,16.0,12.0,0.0
Colin Wilson,F,Regular Season,2010-11,Nashville Predators,82,16.0,18.0,34.0,17.0,9.0
Colin Wilson,F,Playoffs,2010-11,Nashville Predators,3,0.0,0.0,0.0,0.0,-1.0
Chris Drury,F,Playoffs,2010-11,New York Rangers,5,0.0,1.0,1.0,2.0,0.0
Rick DiPietro,G,Regular Season,2010-11,New York Islanders,26,0.0,1.0,0.0,25.0,
Brian Strait,D,Regular Season,2010-11,Pittsburgh Penguins,3,0.0,0.0,0.0,0.0,-1.0
Kevin Shattenkirk,D,Regular Season,2010-11,St. Louis Blues,26,2.0,15.0,17.0,16.0,7.0
Kevin Shattenkirk,D,Regular Season,2010-11,Colorado Avalanche,46,7.0,19.0,26.0,20.0,-11.0
David Van der Gulik,F,Regular Season,2010-11,Colorado Avalanche,6,1.0,2.0,3.0,2.0,4.0
John McCarthy,F,Regular Season,2010-11,San Jose Sharks,37,2.0,2.0,4.0,8.0,-8.0
Nick Bonino,F,Playoffs,2010-11,Anaheim Ducks,4,0.0,0.0,0.0,2.0,-1.0
Nick Bonino,F,Regular Season,2010-11,Anaheim Ducks,26,0.0,0.0,0.0,4.0,-3.0
Ryan Whitney,D,Regular Season,2010-11,Edmonton Oilers,35,2.0,25.0,27.0,33.0,13.0
Mike Grier,F,Playoffs,2010-11,Buffalo Sabres,7,0.0,1.0,1.0,0.0,-3.0
Chris Drury,F,Regular Season,2010-11,New York Rangers,24,1.0,4.0,5.0,8.0,2.0
Colby Cohen,D,Regular Season,2010-11,Colorado Avalanche,3,0.0,0.0,0.0,4.0,-1.0
Matt Gilroy,D,Playoffs,2010-11,New York Rangers,5,1.0,0.0,1.0,2.0,-1.0
Matt Gilroy,D,Regular Season,2010-11,New York Rangers,58,3.0,8.0,11.0,14.0,5.0
Colin Wilson,F,Playoffs,2011-12,Nashville Predators,4,1.0,0.0,1.0,0.0,1.0
Matt Gilroy,D,Regular Season,2011-12,Ottawa Senators,14,1.0,2.0,3.0,2.0,0.0
Brian Strait,D,Playoffs,2011-12,Pittsburgh Penguins,3,0.0,0.0,0.0,0.0,3.0
Brandon Yip,F,Playoffs,2011-12,Nashville Predators,10,1.0,1.0,2.0,6.0,-1.0
Nick Bonino,F,Regular Season,2011-12,Anaheim Ducks,50,5.0,13.0,18.0,8.0,1.0
Brandon Yip,F,Regular Season,2011-12,Nashville Predators,25,3.0,4.0,7.0,20.0,0.0
Brandon Yip,F,Regular Season,2011-12,Colorado Avalanche,10,0.0,0.0,0.0,8.0,1.0
Kevin Shattenkirk,D,Regular Season,2011-12,St. Louis Blues,81,9.0,34.0,43.0,60.0,20.0
Kevin Shattenkirk,D,Playoffs,2011-12,St. Louis Blues,9,1.0,1.0,2.0,6.0,-3.0
Brian Strait,D,Regular Season,2011-12,Pittsburgh Penguins,9,0.0,1.0,1.0,4.0,-2.0
Matt Gilroy,D,Playoffs,2011-12,Ottawa Senators,3,0.0,0.0,0.0,0.0,0.0
Adrian Aucoin,D,Playoffs,2011-12,Phoenix Coyotes,11,0.0,2.0,2.0,10.0,4.0
Ryan Whitney,D,Regular Season,2011-12,Edmonton Oilers,51,3.0,17.0,20.0,16.0,-16.0
Colin Wilson,F,Regular Season,2011-12,Nashville Predators,68,15.0,20.0,35.0,21.0,5.0
Matt Gilroy,D,Regular Season,2011-12,Tampa Bay Lightning,53,2.0,15.0,17.0,16.0,2.0
Jay Pandolfo,F,Regular Season,2011-12,New York Islanders,62,1.0,2.0,3.0,8.0,-14.0
Rick DiPietro,G,Regular Season,2011-12,New York Islanders,8,0.0,2.0,0.0,0.0,
David Van der Gulik,F,Regular Season,2011-12,Colorado Avalanche,25,1.0,5.0,6.0,2.0,3.0
John McCarthy,F,Regular Season,2011-12,San Jose Sharks,10,0.0,0.0,0.0,10.0,-2.0
Adrian Aucoin,D,Regular Season,2011-12,Phoenix Coyotes,64,2.0,7.0,9.0,42.0,14.0
Colin Wilson,F,Regular Season,2012-13,Nashville Predators,25,7.0,12.0,19.0,4.0,1.0
Rick DiPietro,G,Regular Season,2012-13,New York Islanders,3,0.0,0.0,0.0,0.0,
David Van der Gulik,F,Regular Season,2012-13,Colorado Avalanche,9,0.0,2.0,2.0,6.0,2.0
Brian Strait,D,Playoffs,2012-13,New York Islanders,6,1.0,0.0,1.0,12.0,1.0
Eric Gryba,D,Playoffs,2012-13,Ottawa Senators,4,0.0,0.0,0.0,17.0,0.0
Nick Bonino,F,Playoffs,2012-13,Anaheim Ducks,7,3.0,1.0,4.0,4.0,2.0
Tom Poti,D,Regular Season,2012-13,Washington Capitals,16,0.0,2.0,2.0,2.0,-2.0
Charlie Coyle,F,Playoffs,2012-13,Minnesota Wild,5,0.0,2.0,2.0,2.0,-4.0
Charlie Coyle,F,Regular Season,2012-13,Minnesota Wild,37,8.0,6.0,14.0,28.0,3.0
Brandon Yip,F,Regular Season,2012-13,Nashville Predators,34,3.0,5.0,8.0,26.0,-3.0
Kevin Shattenkirk,D,Playoffs,2012-13,St. Louis Blues,6,0.0,2.0,2.0,6.0,-1.0
Chris Bourque,F,Regular Season,2012-13,Boston Bruins,18,1.0,3.0,4.0,6.0,-6.0
Eric Gryba,D,Regular Season,2012-13,Ottawa Senators,33,2.0,4.0,6.0,26.0,-3.0
Kevin Shattenkirk,D,Regular Season,2012-13,St. Louis Blues,48,5.0,18.0,23.0,20.0,2.0
Jay Pandolfo,F,Regular Season,2012-13,Boston Bruins,18,0.0,0.0,0.0,2.0,-2.0
Ryan Whitney,D,Regular Season,2012-13,Edmonton Oilers,34,4.0,9.0,13.0,23.0,-7.0
Adrian Aucoin,D,Regular Season,2012-13,Columbus Blue Jackets,36,0.0,4.0,4.0,16.0,-8.0
Nick Bonino,F,Regular Season,2012-13,Anaheim Ducks,27,5.0,8.0,13.0,8.0,-3.0
Brian Strait,D,Regular Season,2012-13,New York Islanders,19,0.0,4.0,4.0,10.0,4.0
Matt Gilroy,D,Regular Season,2012-13,New York Rangers,15,0.0,0.0,0.0,6.0,-3.0
Alex Chiasson,F,Regular Season,2012-13,Dallas Stars,7,6.0,1.0,7.0,0.0,3.0
Matt Nieto,F,Playoffs,2013-14,San Jose Sharks,7,2.0,3.0,5.0,0.0,3.0
Charlie Coyle,F,Playoffs,2013-14,Minnesota Wild,13,3.0,4.0,7.0,6.0,-2.0
David Van der Gulik,F,Regular Season,2013-14,Colorado Avalanche,2,0.0,0.0,0.0,0.0,0.0
Matt Nieto,F,Regular Season,2013-14,San Jose Sharks,66,10.0,14.0,24.0,16.0,-4.0
Brian Strait,D,Regular Season,2013-14,New York Islanders,47,3.0,6.0,9.0,14.0,-14.0
Charlie Coyle,F,Regular Season,2013-14,Minnesota Wild,70,12.0,18.0,30.0,33.0,-7.0
Kevin Shattenkirk,D,Playoffs,2013-14,St. Louis Blues,6,1.0,4.0,5.0,2.0,-1.0
Brandon Yip,F,Regular Season,2013-14,Phoenix Coyotes,2,0.0,0.0,0.0,0.0,0.0
John Curry,G,Regular Season,2013-14,Minnesota Wild,2,0.0,0.0,0.0,0.0,
David Warsofsky,D,Regular Season,2013-14,Boston Bruins,6,1.0,1.0,2.0,0.0,1.0
Ryan Whitney,D,Regular Season,2013-14,Florida Panthers,7,0.0,0.0,0.0,6.0,-7.0
Matt Gilroy,D,Regular Season,2013-14,Florida Panthers,16,1.0,1.0,2.0,6.0,-2.0
Nick Bonino,F,Regular Season,2013-14,Anaheim Ducks,77,22.0,27.0,49.0,22.0,14.0
Nick Bonino,F,Playoffs,2013-14,Anaheim Ducks,13,4.0,4.0,8.0,8.0,3.0
Colin Wilson,F,Regular Season,2013-14,Nashville Predators,81,11.0,22.0,33.0,21.0,-1.0
Alex Chiasson,F,Regular Season,2013-14,Dallas Stars,79,13.0,22.0,35.0,38.0,-21.0
Kevin Shattenkirk,D,Regular Season,2013-14,St. Louis Blues,81,10.0,35.0,45.0,38.0,1.0
Eric Gryba,D,Regular Season,2013-14,Ottawa Senators,57,2.0,9.0,11.0,64.0,9.0
John McCarthy,F,Regular Season,2013-14,San Jose Sharks,36,1.0,1.0,2.0,4.0,-11.0
Alex Chiasson,F,Playoffs,2013-14,Dallas Stars,6,1.0,1.0,2.0,2.0,-7.0
Brian Strait,D,Regular Season,2014-15,New York Islanders,52,2.0,5.0,7.0,32.0,-1.0
Brian Strait,D,Playoffs,2014-15,New York Islanders,7,0.0,0.0,0.0,4.0,-3.0
Nick Bonino,F,Playoffs,2014-15,Vancouver Canucks,6,1.0,2.0,3.0,4.0,-2.0
David Warsofsky,D,Regular Season,2014-15,Boston Bruins,4,0.0,1.0,1.0,0.0,1.0
Alex Chiasson,F,Playoffs,2014-15,Ottawa Senators,4,0.0,0.0,0.0,0.0,-3.0
Alex Chiasson,F,Regular Season,2014-15,Ottawa Senators,76,11.0,15.0,26.0,67.0,-5.0
Nick Bonino,F,Regular Season,2014-15,Vancouver Canucks,75,15.0,24.0,39.0,22.0,7.0
David Van der Gulik,F,Regular Season,2014-15,Los Angeles Kings,1,0.0,0.0,0.0,0.0,0.0
Kevin Shattenkirk,D,Regular Season,2014-15,St. Louis Blues,56,8.0,36.0,44.0,52.0,19.0
Matt Nieto,F,Regular Season,2014-15,San Jose Sharks,72,10.0,17.0,27.0,20.0,-12.0
Eric Gryba,D,Playoffs,2014-15,Ottawa Senators,6,0.0,0.0,0.0,14.0,-2.0
Adam Clendening,D,Regular Season,2014-15,Vancouver Canucks,17,0.0,2.0,2.0,8.0,1.0
Adam Clendening,D,Regular Season,2014-15,Chicago Blackhawks,4,1.0,1.0,2.0,2.0,1.0
Colin Wilson,F,Playoffs,2014-15,Nashville Predators,6,5.0,0.0,5.0,0.0,-1.0
Colin Wilson,F,Regular Season,2014-15,Nashville Predators,77,20.0,22.0,42.0,22.0,19.0
Kevin Shattenkirk,D,Playoffs,2014-15,St. Louis Blues,6,0.0,8.0,8.0,2.0,2.0
John Curry,G,Regular Season,2014-15,Minnesota Wild,2,0.0,0.0,0.0,0.0,
Charlie Coyle,F,Playoffs,2014-15,Minnesota Wild,10,1.0,1.0,2.0,0.0,-3.0
Charlie Coyle,F,Regular Season,2014-15,Minnesota Wild,82,11.0,24.0,35.0,39.0,13.0
Eric Gryba,D,Regular Season,2014-15,Ottawa Senators,75,0.0,12.0,12.0,97.0,11.0
John McCarthy,F,Regular Season,2015-16,San Jose Sharks,1,0.0,0.0,0.0,0.0,0.0
Jack Eichel,F,Regular Season,2015-16,Buffalo Sabres,81,24.0,32.0,56.0,22.0,-16.0
Alex Chiasson,F,Regular Season,2015-16,Ottawa Senators,77,8.0,6.0,14.0,45.0,2.0
Adam Clendening,D,Regular Season,2015-16,Edmonton Oilers,20,1.0,5.0,6.0,10.0,3.0
Matt Nieto,F,Playoffs,2015-16,San Jose Sharks,16,1.0,2.0,3.0,8.0,2.0
David Warsofsky,D,Regular Season,2015-16,New Jersey Devils,10,0.0,1.0,1.0,2.0,-3.0
Evan Rodrigues,F,Regular Season,2015-16,Buffalo Sabres,2,1.0,1.0,2.0,0.0,2.0
David Warsofsky,D,Regular Season,2015-16,Pittsburgh Penguins,12,1.0,0.0,1.0,0.0,-6.0
Adam Clendening,D,Regular Season,2015-16,Pittsburgh Penguins,9,0.0,1.0,1.0,10.0,3.0
Kevin Shattenkirk,D,Regular Season,2015-16,St. Louis Blues,72,14.0,30.0,44.0,51.0,-14.0
Nick Bonino,F,Regular Season,2015-16,Pittsburgh Penguins,63,9.0,20.0,29.0,31.0,13.0
Kevin Shattenkirk,D,Playoffs,2015-16,St. Louis Blues,20,2.0,9.0,11.0,19.0,-8.0
Charlie Coyle,F,Regular Season,2015-16,Minnesota Wild,82,21.0,21.0,42.0,16.0,1.0
Colin Wilson,F,Playoffs,2015-16,Nashville Predators,14,5.0,8.0,13.0,0.0,8.0
Colin Wilson,F,Regular Season,2015-16,Nashville Predators,64,6.0,18.0,24.0,14.0,-1.0
Charlie Coyle,F,Playoffs,2015-16,Minnesota Wild,6,1.0,1.0,2.0,6.0,-4.0
Matt Nieto,F,Regular Season,2015-16,San Jose Sharks,67,8.0,9.0,17.0,10.0,-8.0
Brian Strait,D,Regular Season,2015-16,New York Islanders,52,1.0,5.0,6.0,31.0,1.0
Matt O'Connor,G,Regular Season,2015-16,Ottawa Senators,1,0.0,0.0,0.0,0.0,
Eric Gryba,D,Regular Season,2015-16,Edmonton Oilers,53,1.0,5.0,6.0,75.0,0.0
Nick Bonino,F,Playoffs,2015-16,Pittsburgh Penguins,24,4.0,14.0,18.0,12.0,9.0
Adam Clendening,D,Regular Season,2016-17,New York Rangers,31,2.0,9.0,11.0,17.0,3.0
Danny O'Regan,F,Regular Season,2016-17,San Jose Sharks,3,1.0,0.0,1.0,0.0,-2.0
Jack Eichel,F,Regular Season,2016-17,Buffalo Sabres,61,24.0,33.0,57.0,22.0,-13.0
A.J. Greer,F,Regular Season,2016-17,Colorado Avalanche,5,0.0,1.0,1.0,4.0,-2.0
Charlie Coyle,F,Playoffs,2016-17,Minnesota Wild,5,2.0,0.0,2.0,2.0,-1.0
Charlie Coyle,F,Regular Season,2016-17,Minnesota Wild,82,18.0,38.0,56.0,36.0,13.0
Wade Megan,F,Regular Season,2016-17,St. Louis Blues,3,1.0,0.0,1.0,0.0,1.0
Charlie McAvoy,D,Playoffs,2016-17,Boston Bruins,6,0.0,3.0,3.0,2.0,-2.0
Clayton Keller,F,Regular Season,2016-17,Arizona Coyotes,3,0.0,2.0,2.0,0.0,-3.0
Nick Bonino,F,Playoffs,2016-17,Pittsburgh Penguins,21,4.0,3.0,7.0,2.0,4.0
Eric Gryba,D,Regular Season,2016-17,Edmonton Oilers,40,2.0,4.0,6.0,65.0,-5.0
Brian Strait,D,Regular Season,2016-17,Winnipeg Jets,5,0.0,2.0,2.0,0.0,-1.0
Matt Grzelcyk,D,Regular Season,2016-17,Boston Bruins,2,0.0,0.0,0.0,2.0,0.0
Eric Gryba,D,Playoffs,2016-17,Edmonton Oilers,3,0.0,0.0,0.0,4.0,-1.0
Nick Bonino,F,Regular Season,2016-17,Pittsburgh Penguins,80,18.0,19.0,37.0,16.0,-5.0
Evan Rodrigues,F,Regular Season,2016-17,Buffalo Sabres,30,4.0,2.0,6.0,4.0,-7.0
Matt Nieto,F,Regular Season,2016-17,San Jose Sharks,16,0.0,2.0,2.0,4.0,-3.0
Alex Chiasson,F,Regular Season,2016-17,Calgary Flames,81,12.0,12.0,24.0,46.0,-6.0
Alex Chiasson,F,Playoffs,2016-17,Calgary Flames,4,0.0,0.0,0.0,2.0,-1.0
Jakob Forsbacka Karlsson,F,Regular Season,2016-17,Boston Bruins,1,0.0,0.0,0.0,0.0,0.0
Colin Wilson,F,Playoffs,2016-17,Nashville Predators,14,2.0,2.0,4.0,2.0,-1.0
Colin Wilson,F,Regular Season,2016-17,Nashville Predators,70,12.0,23.0,35.0,18.0,7.0
Matt Nieto,F,Regular Season,2016-17,Colorado Avalanche,43,7.0,4.0,11.0,4.0,-9.0
Kevin Shattenkirk,D,Regular Season,2016-17,St. Louis Blues,61,11.0,31.0,42.0,37.0,-11.0
David Warsofsky,D,Regular Season,2016-17,Pittsburgh Penguins,7,0.0,1.0,1.0,6.0,-3.0
Kevin Shattenkirk,D,Playoffs,2016-17,Washington Capitals,13,1.0,5.0,6.0,6.0,-4.0
Kevin Shattenkirk,D,Regular Season,2016-17,Washington Capitals,19,2.0,12.0,14.0,10.0,4.0
Colin Wilson,F,Regular Season,2017-18,Colorado Avalanche,56,6.0,12.0,18.0,6.0,-5.0
Eric Gryba,D,Regular Season,2017-18,Edmonton Oilers,21,0.0,2.0,2.0,31.0,4.0
Colin Wilson,F,Playoffs,2017-18,Colorado Avalanche,6,0.0,1.0,1.0,0.0,-2.0
Matt Nieto,F,Playoffs,2017-18,Colorado Avalanche,6,0.0,3.0,3.0,2.0,-1.0
Wade Megan,F,Regular Season,2017-18,St. Louis Blues,1,0.0,0.0,0.0,0.0,0.0
Matt Nieto,F,Regular Season,2017-18,Colorado Avalanche,74,15.0,11.0,26.0,14.0,6.0
Charlie McAvoy,D,Regular Season,2017-18,Boston Bruins,63,7.0,25.0,32.0,53.0,20.0
David Warsofsky,D,Playoffs,2017-18,Colorado Avalanche,4,0.0,0.0,0.0,2.0,1.0
Charlie McAvoy,D,Playoffs,2017-18,Boston Bruins,12,1.0,4.0,5.0,6.0,2.0
Evan Rodrigues,F,Regular Season,2017-18,Buffalo Sabres,48,7.0,18.0,25.0,14.0,-10.0
David Warsofsky,D,Regular Season,2017-18,Colorado Avalanche,16,0.0,5.0,5.0,0.0,4.0
Charlie Coyle,F,Regular Season,2017-18,Minnesota Wild,66,11.0,26.0,37.0,18.0,8.0
Nick Bonino,F,Playoffs,2017-18,Nashville Predators,13,2.0,3.0,5.0,9.0,-1.0
Alex Chiasson,F,Regular Season,2017-18,Washington Capitals,61,9.0,9.0,18.0,26.0,1.0
Alex Chiasson,F,Playoffs,2017-18,Washington Capitals,16,1.0,1.0,2.0,4.0,0.0
Jack Eichel,F,Regular Season,2017-18,Buffalo Sabres,67,25.0,39.0,64.0,32.0,-25.0
Adam Clendening,D,Regular Season,2017-18,Arizona Coyotes,5,0.0,2.0,2.0,2.0,-1.0
Charlie Coyle,F,Playoffs,2017-18,Minnesota Wild,5,0.0,0.0,0.0,2.0,-3.0
Danny O'Regan,F,Regular Season,2017-18,Buffalo Sabres,2,0.0,0.0,0.0,0.0,1.0
Clayton Keller,F,Regular Season,2017-18,Arizona Coyotes,82,23.0,42.0,65.0,24.0,-7.0
Jordan Greenway,F,Playoffs,2017-18,Minnesota Wild,5,1.0,1.0,2.0,0.0,2.0
Jordan Greenway,F,Regular Season,2017-18,Minnesota Wild,6,0.0,1.0,1.0,0.0,0.0
Matt Grzelcyk,D,Playoffs,2017-18,Boston Bruins,11,0.0,1.0,1.0,4.0,-2.0
A.J. Greer,F,Regular Season,2017-18,Colorado Avalanche,17,0.0,3.0,3.0,29.0,2.0
Matt Grzelcyk,D,Regular Season,2017-18,Boston Bruins,61,3.0,12.0,15.0,22.0,21.0
Danny O'Regan,F,Regular Season,2017-18,San Jose Sharks,19,0.0,4.0,4.0,2.0,-3.0
Nick Bonino,F,Regular Season,2017-18,Nashville Predators,71,12.0,13.0,25.0,20.0,4.0
Kevin Shattenkirk,D,Regular Season,2017-18,New York Rangers,46,5.0,18.0,23.0,44.0,-14.0
Matt Grzelcyk,D,Playoffs,2018-19,Boston Bruins,20,4.0,4.0,8.0,6.0,-3.0
Jakob Forsbacka Karlsson,F,Regular Season,2018-19,Boston Bruins,28,3.0,6.0,9.0,2.0,1.0
Charlie Coyle,F,Regular Season,2018-19,Boston Bruins,21,2.0,4.0,6.0,4.0,-2.0
Matt Grzelcyk,D,Regular Season,2018-19,Boston Bruins,66,3.0,15.0,18.0,68.0,9.0
Evan Rodrigues,F,Regular Season,2018-19,Buffalo Sabres,74,9.0,20.0,29.0,25.0,-7.0
Charlie McAvoy,D,Playoffs,2018-19,Boston Bruins,23,2.0,6.0,8.0,16.0,4.0
Matt Nieto,F,Regular Season,2018-19,Colorado Avalanche,64,4.0,19.0,23.0,8.0,2.0
Matt Nieto,F,Playoffs,2018-19,Colorado Avalanche,12,4.0,3.0,7.0,2.0,6.0
Kevin Shattenkirk,D,Regular Season,2018-19,New York Rangers,73,2.0,26.0,28.0,20.0,-15.0
Jack Eichel,F,Regular Season,2018-19,Buffalo Sabres,77,28.0,54.0,82.0,26.0,-11.0
Brady Tkachuk,F,Regular Season,2018-19,Ottawa Senators,71,22.0,23.0,45.0,75.0,-10.0
A.J. Greer,F,Regular Season,2018-19,Colorado Avalanche,15,1.0,1.0,2.0,14.0,-2.0
Colin Wilson,F,Regular Season,2018-19,Colorado Avalanche,65,12.0,15.0,27.0,8.0,-6.0
Colin Wilson,F,Playoffs,2018-19,Colorado Avalanche,12,4.0,4.0,8.0,2.0,0.0
Dante Fabbro,D,Playoffs,2018-19,Nashville Predators,6,0.0,1.0,1.0,0.0,2.0
Dante Fabbro,D,Regular Season,2018-19,Nashville Predators,4,1.0,0.0,1.0,0.0,-1.0
Charlie Coyle,F,Playoffs,2018-19,Boston Bruins,24,9.0,7.0,16.0,12.0,8.0
Charlie McAvoy,D,Regular Season,2018-19,Boston Bruins,54,7.0,21.0,28.0,45.0,14.0
Wade Megan,F,Regular Season,2018-19,Detroit Red Wings,11,0.0,1.0,1.0,2.0,-4.0
Charlie Coyle,F,Regular Season,2018-19,Minnesota Wild,60,10.0,18.0,28.0,16.0,1.0
Danny O'Regan,F,Regular Season,2018-19,Buffalo Sabres,1,0.0,0.0,0.0,0.0,0.0
Nick Bonino,F,Playoffs,2018-19,Nashville Predators,6,0.0,2.0,2.0,2.0,-3.0
Alex Chiasson,F,Regular Season,2018-19,Edmonton Oilers,73,22.0,16.0,38.0,32.0,-1.0
Clayton Keller,F,Regular Season,2018-19,Arizona Coyotes,82,14.0,33.0,47.0,24.0,-21.0
Adam Clendening,D,Regular Season,2018-19,Columbus Blue Jackets,4,0.0,0.0,0.0,0.0,1.0
Adam Clendening,D,Playoffs,2018-19,Columbus Blue Jackets,7,0.0,1.0,1.0,2.0,1.0
Eric Gryba,D,Regular Season,2018-19,New Jersey Devils,10,0.0,0.0,0.0,10.0,-1.0
Nick Bonino,F,Regular Season,2018-19,Nashville Predators,81,17.0,18.0,35.0,18.0,27.0
Jordan Greenway,F,Regular Season,2018-19,Minnesota Wild,81,12.0,12.0,24.0,29.0,-12.0
Charlie Coyle,F,Playoffs,2019-20,Boston Bruins,13,3.0,2.0,5.0,2.0,-4.0
Joel Farabee,F,Regular Season,2019-20,Philadelphia Flyers,52,8.0,13.0,21.0,39.0,6.0
Kevin Shattenkirk,D,Regular Season,2019-20,Tampa Bay Lightning,70,8.0,26.0,34.0,38.0,22.0
Kevin Shattenkirk,D,Playoffs,2019-20,Tampa Bay Lightning,25,3.0,10.0,13.0,6.0,8.0
Colin Wilson,F,Regular Season,2019-20,Colorado Avalanche,9,0.0,4.0,4.0,0.0,6.0
Jake Oettinger,G,Playoffs,2019-20,Dallas Stars,2,0.0,0.0,0.0,0.0,
Jack Eichel,F,Regular Season,2019-20,Buffalo Sabres,68,36.0,42.0,78.0,34.0,5.0
Nick Bonino,F,Playoffs,2019-20,Nashville Predators,4,1.0,0.0,1.0,2.0,-2.0
Charlie McAvoy,D,Playoffs,2019-20,Boston Bruins,13,1.0,3.0,4.0,24.0,-6.0
Kieffer Bellows,F,Regular Season,2019-20,New York Islanders,8,2.0,1.0,3.0,2.0,3.0
Matt Nieto,F,Playoffs,2019-20,Colorado Avalanche,14,1.0,2.0,3.0,4.0,1.0
Matt Nieto,F,Regular Season,2019-20,Colorado Avalanche,70,8.0,13.0,21.0,6.0,7.0
Nick Bonino,F,Regular Season,2019-20,Nashville Predators,67,18.0,17.0,35.0,16.0,17.0
Charlie McAvoy,D,Regular Season,2019-20,Boston Bruins,67,5.0,27.0,32.0,41.0,24.0
Jordan Greenway,F,Regular Season,2019-20,Minnesota Wild,67,8.0,20.0,28.0,54.0,2.0
Matt Grzelcyk,D,Regular Season,2019-20,Boston Bruins,68,4.0,17.0,21.0,34.0,15.0
Alex Chiasson,F,Regular Season,2019-20,Edmonton Oilers,65,11.0,13.0,24.0,42.0,-3.0
Matt Grzelcyk,D,Playoffs,2019-20,Boston Bruins,12,0.0,1.0,1.0,4.0,-5.0
Dante Fabbro,D,Playoffs,2019-20,Nashville Predators,4,0.0,0.0,0.0,2.0,-1.0
Jordan Greenway,F,Playoffs,2019-20,Minnesota Wild,4,0.0,0.0,0.0,8.0,-1.0
Evan Rodrigues,F,Regular Season,2019-20,Buffalo Sabres,38,5.0,4.0,9.0,10.0,-8.0
Evan Rodrigues,F,Regular Season,2019-20,Pittsburgh Penguins,7,1.0,0.0,1.0,4.0,0.0
Dante Fabbro,D,Regular Season,2019-20,Nashville Predators,64,5.0,6.0,11.0,38.0,-7.0
Clayton Keller,F,Regular Season,2019-20,Arizona Coyotes,70,17.0,27.0,44.0,28.0,-6.0
Clayton Keller,F,Playoffs,2019-20,Arizona Coyotes,9,4.0,3.0,7.0,0.0,1.0
Brady Tkachuk,F,Regular Season,2019-20,Ottawa Senators,71,21.0,23.0,44.0,106.0,-14.0
Alex Chiasson,F,Playoffs,2019-20,Edmonton Oilers,4,1.0,1.0,2.0,0.0,1.0
Charlie Coyle,F,Regular Season,2019-20,Boston Bruins,70,16.0,21.0,37.0,21.0,9.0
Joel Farabee,F,Playoffs,2019-20,Philadelphia Flyers,12,3.0,2.0,5.0,4.0,-2.0
Nick Bonino,F,Playoffs,2020-21,Minnesota Wild,7,0.0,0.0,0.0,0.0,-3.0
Joel Farabee,F,Regular Season,2020-21,Philadelphia Flyers,55,20.0,18.0,38.0,28.0,0.0
Trevor Zegras,F,Regular Season,2020-21,Anaheim Ducks,24,3.0,10.0,13.0,12.0,6.0
Kieffer Bellows,F,Regular Season,2020-21,New York Islanders,14,3.0,0.0,3.0,4.0,0.0
Dante Fabbro,D,Regular Season,2020-21,Nashville Predators,40,2.0,10.0,12.0,23.0,-1.0
Charlie Coyle,F,Playoffs,2020-21,Boston Bruins,11,2.0,1.0,3.0,6.0,-8.0
Charlie Coyle,F,Regular Season,2020-21,Boston Bruins,51,6.0,10.0,16.0,20.0,-4.0
Clayton Keller,F,Regular Season,2020-21,Arizona Coyotes,56,14.0,21.0,35.0,18.0,-5.0
Jake Oettinger,G,Regular Season,2020-21,Dallas Stars,29,0.0,1.0,0.0,4.0,
A.J. Greer,F,Regular Season,2020-21,New Jersey Devils,1,0.0,0.0,0.0,7.0,0.0
David Farrance,D,Regular Season,2020-21,Nashville Predators,2,0.0,0.0,0.0,0.0,3.0
Alex Chiasson,F,Playoffs,2020-21,Edmonton Oilers,3,1.0,0.0,1.0,0.0,-2.0
Jordan Greenway,F,Regular Season,2020-21,Minnesota Wild,56,6.0,26.0,32.0,49.0,5.0
Kevin Shattenkirk,D,Regular Season,2020-21,Anaheim Ducks,55,2.0,13.0,15.0,28.0,-8.0
Jordan Greenway,F,Playoffs,2020-21,Minnesota Wild,7,1.0,2.0,3.0,2.0,0.0
Matt Nieto,F,Regular Season,2020-21,San Jose Sharks,28,5.0,2.0,7.0,4.0,-4.0
Evan Rodrigues,F,Regular Season,2020-21,Pittsburgh Penguins,35,7.0,7.0,14.0,6.0,-3.0
Charlie McAvoy,D,Playoffs,2020-21,Boston Bruins,11,1.0,11.0,12.0,4.0,2.0
Charlie McAvoy,D,Regular Season,2020-21,Boston Bruins,51,5.0,25.0,30.0,38.0,22.0
Matt Grzelcyk,D,Regular Season,2020-21,Boston Bruins,37,5.0,15.0,20.0,22.0,11.0
Nick Bonino,F,Regular Season,2020-21,Minnesota Wild,55,10.0,16.0,26.0,26.0,0.0
Jack Eichel,F,Regular Season,2020-21,Buffalo Sabres,21,2.0,16.0,18.0,6.0,-9.0
Brady Tkachuk,F,Regular Season,2020-21,Ottawa Senators,56,17.0,19.0,36.0,69.0,-17.0
Alex Chiasson,F,Regular Season,2020-21,Edmonton Oilers,45,9.0,7.0,16.0,33.0,-10.0
Matt Grzelcyk,D,Playoffs,2020-21,Boston Bruins,11,1.0,3.0,4.0,4.0,-2.0
Evan Rodrigues,F,Playoffs,2020-21,Pittsburgh Penguins,2,0.0,1.0,1.0,0.0,1.0
Matt Grzelcyk,D,Regular Season,2021-22,Boston Bruins,73,4.0,20.0,24.0,24.0,22.0
Matt Grzelcyk,D,Playoffs,2021-22,Boston Bruins,5,0.0,0.0,0.0,6.0,-6.0
Dante Fabbro,D,Regular Season,2021-22,Nashville Predators,66,3.0,21.0,24.0,24.0,13.0
Trevor Zegras,F,Regular Season,2021-22,Anaheim Ducks,75,23.0,38.0,61.0,50.0,-21.0
Dante Fabbro,D,Playoffs,2021-22,Nashville Predators,4,0.0,0.0,0.0,4.0,-4.0
Charlie McAvoy,D,Regular Season,2021-22,Boston Bruins,78,10.0,46.0,56.0,66.0,31.0
Charlie McAvoy,D,Playoffs,2021-22,Boston Bruins,6,0.0,5.0,5.0,4.0,2.0
Jake Oettinger,G,Regular Season,2021-22,Dallas Stars,48,0.0,2.0,0.0,0.0,
Kevin Shattenkirk,D,Regular Season,2021-22,Anaheim Ducks,82,8.0,27.0,35.0,36.0,-9.0
Danny O'Regan,F,Regular Season,2021-22,Anaheim Ducks,5,0.0,1.0,1.0,0.0,-1.0
Jake Oettinger,G,Playoffs,2021-22,Dallas Stars,7,0.0,0.0,0.0,0.0,
Charlie Coyle,F,Playoffs,2021-22,Boston Bruins,7,2.0,4.0,6.0,2.0,-7.0
Matt Nieto,F,Regular Season,2021-22,San Jose Sharks,70,6.0,11.0,17.0,19.0,-20.0
Brady Tkachuk,F,Regular Season,2021-22,Ottawa Senators,79,30.0,37.0,67.0,117.0,-7.0
Charlie Coyle,F,Regular Season,2021-22,Boston Bruins,82,16.0,28.0,44.0,32.0,-6.0
Evan Rodrigues,F,Regular Season,2021-22,Pittsburgh Penguins,82,19.0,24.0,43.0,14.0,3.0
Jack Eichel,F,Regular Season,2021-22,Vegas Golden Knights,34,14.0,11.0,25.0,10.0,3.0
Evan Rodrigues,F,Playoffs,2021-22,Pittsburgh Penguins,7,3.0,2.0,5.0,4.0,-2.0
Max Willman,F,Regular Season,2021-22,Philadelphia Flyers,41,4.0,2.0,6.0,16.0,-13.0
A.J. Greer,F,Regular Season,2021-22,New Jersey Devils,9,1.0,1.0,2.0,2.0,0.0
Alex Vlasic,D,Regular Season,2021-22,Chicago Blackhawks,15,1.0,1.0,2.0,2.0,-2.0
Jordan Greenway,F,Regular Season,2021-22,Minnesota Wild,62,10.0,17.0,27.0,69.0,26.0
Nick Bonino,F,Regular Season,2021-22,San Jose Sharks,80,16.0,10.0,26.0,18.0,-25.0
Alex Chiasson,F,Regular Season,2021-22,Vancouver Canucks,67,13.0,9.0,22.0,24.0,4.0
Jordan Greenway,F,Playoffs,2021-22,Minnesota Wild,6,1.0,1.0,2.0,6.0,0.0
Joel Farabee,F,Regular Season,2021-22,Philadelphia Flyers,63,17.0,17.0,34.0,50.0,-11.0
Kieffer Bellows,F,Regular Season,2021-22,New York Islanders,45,6.0,13.0,19.0,19.0,-1.0
Clayton Keller,F,Regular Season,2021-22,Arizona Coyotes,67,28.0,35.0,63.0,28.0,3.0
Matt Nieto,F,Regular Season,2022-23,San Jose Sharks,45,8.0,7.0,15.0,8.0,-22.0
Joel Farabee,F,Regular Season,2022-23,Philadelphia Flyers,82,15.0,24.0,39.0,41.0,-1.0
Brady Tkachuk,F,Regular Season,2022-23,Ottawa Senators,82,35.0,48.0,83.0,126.0,-10.0
Clayton Keller,F,Regular Season,2022-23,Arizona Coyotes,82,37.0,49.0,86.0,49.0,-2.0
Alex Chiasson,F,Regular Season,2022-23,Detroit Red Wings,20,6.0,3.0,9.0,6.0,-8.0
Matt Grzelcyk,D,Playoffs,2022-23,Boston Bruins,4,0.0,0.0,0.0,0.0,-1.0
Matt Grzelcyk,D,Regular Season,2022-23,Boston Bruins,75,4.0,22.0,26.0,28.0,46.0
Kevin Shattenkirk,D,Regular Season,2022-23,Anaheim Ducks,75,4.0,23.0,27.0,56.0,-20.0
Jordan Greenway,F,Regular Season,2022-23,Buffalo Sabres,17,4.0,0.0,4.0,0.0,-3.0
Max Willman,F,Regular Season,2022-23,Philadelphia Flyers,9,0.0,0.0,0.0,4.0,-3.0
Nick Bonino,F,Regular Season,2022-23,Pittsburgh Penguins,3,0.0,0.0,0.0,0.0,1.0
Nick Bonino,F,Regular Season,2022-23,San Jose Sharks,59,10.0,9.0,19.0,28.0,-6.0
Matt Nieto,F,Regular Season,2022-23,Colorado Avalanche,36,4.0,5.0,9.0,8.0,7.0
Alex Vlasic,D,Regular Season,2022-23,Chicago Blackhawks,6,0.0,1.0,1.0,0.0,-1.0
Jordan Greenway,F,Regular Season,2022-23,Minnesota Wild,45,2.0,5.0,7.0,26.0,-3.0
Evan Rodrigues,F,Playoffs,2022-23,Colorado Avalanche,7,1.0,4.0,5.0,2.0,4.0
Evan Rodrigues,F,Regular Season,2022-23,Colorado Avalanche,69,16.0,23.0,39.0,30.0,7.0
Matt Nieto,F,Playoffs,2022-23,Colorado Avalanche,7,0.0,0.0,0.0,2.0,0.0
Kieffer Bellows,F,Regular Season,2022-23,Philadelphia Flyers,27,3.0,0.0,3.0,6.0,-7.0
Charlie McAvoy,D,Regular Season,2022-23,Boston Bruins,67,7.0,45.0,52.0,54.0,29.0
Charlie Coyle,F,Regular Season,2022-23,Boston Bruins,82,16.0,29.0,45.0,30.0,29.0
Charlie Coyle,F,Playoffs,2022-23,Boston Bruins,7,1.0,1.0,2.0,4.0,-1.0
Dante Fabbro,D,Regular Season,2022-23,Nashville Predators,79,2.0,9.0,11.0,50.0,-4.0
Kieffer Bellows,F,Regular Season,2022-23,New York Islanders,1,0.0,0.0,0.0,0.0,-1.0
Shane Bowers,F,Regular Season,2022-23,Colorado Avalanche,1,0.0,0.0,0.0,0.0,0.0
Jake Oettinger,G,Playoffs,2022-23,Dallas Stars,19,0.0,0.0,0.0,0.0,
Trevor Zegras,F,Regular Season,2022-23,Anaheim Ducks,81,23.0,42.0,65.0,88.0,-24.0
A.J. Greer,F,Regular Season,2022-23,Boston Bruins,61,5.0,7.0,12.0,114.0,9.0
Jack Eichel,F,Regular Season,2022-23,Vegas Golden Knights,67,27.0,39.0,66.0,6.0,26.0
Jake Oettinger,G,Regular Season,2022-23,Dallas Stars,62,0.0,1.0,0.0,2.0,
Jack Eichel,F,Playoffs,2022-23,Vegas Golden Knights,22,6.0,20.0,26.0,14.0,14.0
Charlie McAvoy,D,Playoffs,2022-23,Boston Bruins,7,0.0,5.0,5.0,8.0,-3.0
Matt Grzelcyk,D,Playoffs,2023-24,Boston Bruins,3,0.0,0.0,0.0,2.0,0.0
Cam Crotty,D,Regular Season,2023-24,Arizona Coyotes,1,0.0,0.0,0.0,0.0,-1.0
Charlie McAvoy,D,Playoffs,2023-24,Boston Bruins,13,1.0,5.0,6.0,20.0,-4.0
Dante Fabbro,D,Playoffs,2023-24,Nashville Predators,3,0.0,0.0,0.0,0.0,0.0
Dante Fabbro,D,Regular Season,2023-24,Nashville Predators,56,3.0,10.0,13.0,24.0,9.0
Jordan Greenway,F,Regular Season,2023-24,Buffalo Sabres,67,10.0,18.0,28.0,64.0,11.0
Jack Eichel,F,Playoffs,2023-24,Vegas Golden Knights,7,3.0,4.0,7.0,0.0,0.0
Charlie Coyle,F,Playoffs,2023-24,Boston Bruins,13,1.0,4.0,5.0,12.0,0.0
Clayton Keller,F,Regular Season,2023-24,Arizona Coyotes,78,33.0,43.0,76.0,32.0,-20.0
Charlie Coyle,F,Regular Season,2023-24,Boston Bruins,82,25.0,35.0,60.0,38.0,-2.0
Lane Hutson,D,Regular Season,2023-24,Montréal Canadiens,2,0.0,2.0,2.0,0.0,-2.0
Charlie McAvoy,D,Regular Season,2023-24,Boston Bruins,74,12.0,35.0,47.0,86.0,4.0
Joel Farabee,F,Regular Season,2023-24,Philadelphia Flyers,82,22.0,28.0,50.0,37.0,-13.0
Evan Rodrigues,F,Playoffs,2023-24,Florida Panthers,24,7.0,8.0,15.0,4.0,6.0
Matt Grzelcyk,D,Regular Season,2023-24,Boston Bruins,63,2.0,9.0,11.0,37.0,13.0
Kevin Shattenkirk,D,Playoffs,2023-24,Boston Bruins,6,0.0,1.0,1.0,0.0,-1.0
Kevin Shattenkirk,D,Regular Season,2023-24,Boston Bruins,61,6.0,18.0,24.0,18.0,-2.0
A.J. Greer,F,Regular Season,2023-24,Calgary Flames,59,6.0,6.0,12.0,35.0,-7.0
Trevor Zegras,F,Regular Season,2023-24,Anaheim Ducks,31,6.0,9.0,15.0,30.0,-1.0
Max Willman,F,Regular Season,2023-24,New Jersey Devils,18,3.0,1.0,4.0,2.0,1.0
Jake Oettinger,G,Playoffs,2023-24,Dallas Stars,19,0.0,1.0,0.0,2.0,
Evan Rodrigues,F,Regular Season,2023-24,Florida Panthers,80,12.0,27.0,39.0,34.0,26.0
Jake Oettinger,G,Regular Season,2023-24,Dallas Stars,54,0.0,0.0,0.0,2.0,
Matt Nieto,F,Regular Season,2023-24,Pittsburgh Penguins,22,1.0,3.0,4.0,4.0,5.0
Jack Eichel,F,Regular Season,2023-24,Vegas Golden Knights,63,31.0,37.0,68.0,27.0,4.0
Shane Bowers,F,Regular Season,2023-24,New Jersey Devils,8,0.0,0.0,0.0,0.0,1.0
Nick Bonino,F,Regular Season,2023-24,New York Rangers,45,1.0,4.0,5.0,8.0,-12.0
Alex Vlasic,D,Regular Season,2023-24,Chicago Blackhawks,76,2.0,14.0,16.0,45.0,-4.0
Brady Tkachuk,F,Regular Season,2023-24,Ottawa Senators,81,37.0,37.0,74.0,134.0,1.0
Brady Tkachuk,F,Regular Season,2024-25,Ottawa Senators,72,29.0,26.0,55.0,123.0,0.0
Macklin Celebrini,F,Regular Season,2024-25,San Jose Sharks,70,25.0,38.0,63.0,28.0,-31.0
Devin Kaplan,F,Regular Season,2024-25,Philadelphia Flyers,1,0.0,0.0,0.0,0.0,-1.0
Brady Tkachuk,F,Playoffs,2024-25,Ottawa Senators,6,4.0,3.0,7.0,6.0,2.0
Kieffer Bellows,F,Regular Season,2024-25,Nashville Predators,19,2.0,2.0,4.0,6.0,-6.0
Trevor Zegras,F,Regular Season,2024-25,Anaheim Ducks,57,12.0,20.0,32.0,23.0,-8.0
Joel Farabee,F,Regular Season,2024-25,Calgary Flames,31,3.0,3.0,6.0,8.0,-5.0
Charlie McAvoy,D,Regular Season,2024-25,Boston Bruins,50,7.0,16.0,23.0,46.0,0.0
Charlie Coyle,F,Regular Season,2024-25,Boston Bruins,64,15.0,7.0,22.0,18.0,-14.0
Dante Fabbro,D,Regular Season,2024-25,Nashville Predators,6,0.0,0.0,0.0,0.0,-3.0
Dante Fabbro,D,Regular Season,2024-25,Columbus Blue Jackets,62,9.0,17.0,26.0,40.0,23.0
Drew Commesso,G,Regular Season,2024-25,Chicago Blackhawks,2,0.0,0.0,0.0,0.0,
Jake Oettinger,G,Regular Season,2024-25,Dallas Stars,58,0.0,1.0,0.0,0.0,
Jake Oettinger,G,Playoffs,2024-25,Dallas Stars,18,0.0,0.0,0.0,2.0,
Ryan Greene,F,Regular Season,2024-25,Chicago Blackhawks,2,0.0,0.0,0.0,0.0,0.0
Shane Bowers,F,Regular Season,2024-25,New Jersey Devils,4,0.0,0.0,0.0,0.0,-1.0
Alex Vlasic,D,Regular Season,2024-25,Chicago Blackhawks,82,4.0,26.0,30.0,12.0,-23.0
Evan Rodrigues,F,Regular Season,2024-25,Florida Panthers,82,15.0,17.0,32.0,38.0,-4.0
Evan Rodrigues,F,Playoffs,2024-25,Florida Panthers,21,2.0,13.0,15.0,10.0,3.0
A.J. Greer,F,Regular Season,2024-25,Florida Panthers,81,6.0,11.0,17.0,130.0,4.0
Charlie Coyle,F,Regular Season,2024-25,Colorado Avalanche,19,2.0,11.0,13.0,6.0,5.0
Charlie Coyle,F,Playoffs,2024-25,Colorado Avalanche,7,1.0,0.0,1.0,2.0,-4.0
Matt Grzelcyk,D,Regular Season,2024-25,Pittsburgh Penguins,82,1.0,39.0,40.0,16.0,-6.0
Quinn Hutson,F,Regular Season,2024-25,Edmonton Oilers,2,0.0,0.0,0.0,2.0,0.0
A.J. Greer,F,Playoffs,2024-25,Florida Panthers,16,2.0,1.0,3.0,22.0,-2.0
Matt Nieto,F,Regular Season,2024-25,Pittsburgh Penguins,32,1.0,2.0,3.0,4.0,-8.0
Cam Crotty,D,Regular Season,2024-25,Minnesota Wild,1,0.0,0.0,0.0,0.0,-1.0
Domenick Fensore,D,Regular Season,2024-25,Carolina Hurricanes,2,0.0,0.0,0.0,2.0,0.0
Jack Eichel,F,Regular Season,2024-25,Vegas Golden Knights,77,28.0,66.0,94.0,8.0,32.0
Joel Farabee,F,Regular Season,2024-25,Philadelphia Flyers,50,8.0,11.0,19.0,26.0,-12.0
Clayton Keller,F,Regular Season,2024-25,Utah Hockey Club,81,30.0,60.0,90.0,28.0,-12.0
Lane Hutson,D,Regular Season,2024-25,Montréal Canadiens,82,6.0,60.0,66.0,34.0,-2.0
Lane Hutson,D,Playoffs,2024-25,Montréal Canadiens,5,0.0,5.0,5.0,0.0,-5.0
Jack Eichel,F,Playoffs,2024-25,Vegas Golden Knights,11,1.0,9.0,10.0,0.0,-8.0
Jordan Greenway,F,Regular Season,2024-25,Buffalo Sabres,34,3.0,5.0,8.0,45.0,-4.0
Sacha Boisvert,F,Regular Season,2025-26,Chicago Blackhawks,7,1.0,1.0,2.0,9.0,-1.0
Drew Commesso,G,Regular Season,2025-26,Chicago Blackhawks,3,0.0,0.0,0.0,0.0,
Shane Lachance,F,Regular Season,2025-26,New Jersey Devils,1,0.0,0.0,0.0,0.0,0.0
Alex Vlasic,D,Regular Season,2025-26,Chicago Blackhawks,81,2.0,19.0,21.0,17.0,-16.0
Brady Tkachuk,F,Playoffs,2025-26,Ottawa Senators,4,0.0,0.0,0.0,13.0,-4.0
Evan Rodrigues,F,Regular Season,2025-26,Florida Panthers,69,11.0,20.0,31.0,38.0,-16.0
Jordan Greenway,F,Regular Season,2025-26,Buffalo Sabres,40,1.0,5.0,6.0,29.0,-10.0
Jordan Greenway,F,Playoffs,2025-26,Buffalo Sabres,13,2.0,1.0,3.0,6.0,-1.0
Macklin Celebrini,F,Regular Season,2025-26,San Jose Sharks,82,45.0,70.0,115.0,44.0,8.0
Domenick Fensore,D,Regular Season,2025-26,Carolina Hurricanes,1,0.0,0.0,0.0,0.0,-2.0
Tom Willander,D,Regular Season,2025-26,Vancouver Canucks,70,5.0,16.0,21.0,28.0,-23.0
Ryan Greene,F,Regular Season,2025-26,Chicago Blackhawks,81,12.0,17.0,29.0,14.0,-14.0
Brady Tkachuk,F,Regular Season,2025-26,Ottawa Senators,60,22.0,37.0,59.0,71.0,4.0
Charlie Coyle,F,Regular Season,2025-26,Columbus Blue Jackets,82,20.0,38.0,58.0,14.0,3.0
Jack Eichel,F,Regular Season,2025-26,Vegas Golden Knights,74,27.0,63.0,90.0,18.0,23.0
Lane Hutson,D,Regular Season,2025-26,Montréal Canadiens,82,12.0,66.0,78.0,34.0,36.0
Clayton Keller,F,Regular Season,2025-26,Utah Mammoth,82,26.0,62.0,88.0,38.0,21.0
Clayton Keller,F,Playoffs,2025-26,Utah Mammoth,6,1.0,4.0,5.0,0.0,1.0
Wilmer Skoog,F,Regular Season,2025-26,Florida Panthers,3,0.0,2.0,2.0,4.0,3.0
Cam Crotty,D,Regular Season,2025-26,Ottawa Senators,6,0.0,1.0,1.0,0.0,0.0
Cam Crotty,D,Playoffs,2025-26,Ottawa Senators,1,0.0,0.0,0.0,0.0,-1.0
Quinn Hutson,F,Regular Season,2025-26,Edmonton Oilers,4,1.0,0.0,1.0,0.0,-1.0
Matt Grzelcyk,D,Regular Season,2025-26,Chicago Blackhawks,69,0.0,12.0,12.0,32.0,-9.0
Jack Eichel,F,Playoffs,2025-26,Vegas Golden Knights,22,2.0,20.0,22.0,16.0,4.0
Charlie McAvoy,D,Regular Season,2025-26,Boston Bruins,69,11.0,50.0,61.0,62.0,13.0
Jake Oettinger,G,Playoffs,2025-26,Dallas Stars,6,0.0,0.0,0.0,0.0,
Trevor Zegras,F,Playoffs,2025-26,Philadelphia Flyers,10,2.0,4.0,6.0,26.0,1.0
Trevor Zegras,F,Regular Season,2025-26,Philadelphia Flyers,81,26.0,41.0,67.0,62.0,0.0
Jake Oettinger,G,Regular Season,2025-26,Dallas Stars,54,0.0,1.0,0.0,0.0,
Joel Farabee,F,Regular Season,2025-26,Calgary Flames,82,20.0,18.0,38.0,28.0,-9.0
Dante Fabbro,D,Regular Season,2025-26,Columbus Blue Jackets,74,5.0,6.0,11.0,33.0,-16.0
Lane Hutson,D,Playoffs,2025-26,Montréal Canadiens,19,3.0,13.0,16.0,12.0,-3.0
A.J. Greer,F,Regular Season,2025-26,Florida Panthers,78,17.0,15.0,32.0,113.0,14.0
Charlie McAvoy,D,Playoffs,2025-26,Boston Bruins,6,0.0,2.0,2.0,19.0,-6.0
Cole Hutson,D,Regular Season,2025-26,Washington Capitals,14,3.0,7.0,10.0,8.0,-3.0
Trevor Zegras,F,Regular Season,2026-27,Philadelphia Flyers,5,0.0,2.0,2.0,4.0,-3.0
Clayton Keller,F,Regular Season,2026-27,Utah Mammoth,5,1.0,6.0,7.0,4.0,-2.0
Matt Grzelcyk,D,Regular Season,2026-27,Buffalo Sabres,1,0.0,0.0,0.0,0.0,-1.0
Charlie Coyle,F,Regular Season,2026-27,Columbus Blue Jackets,3,0.0,3.0,3.0,0.0,2.0
Jack Eichel,F,Regular Season,2026-27,Vegas Golden Knights,5,3.0,9.0,12.0,2.0,5.0
Evan Rodrigues,F,Regular Season,2026-27,New Jersey Devils,3,0.0,0.0,0.0,0.0,-4.0
Jordan Greenway,F,Regular Season,2026-27,Chicago Blackhawks,5,1.0,0.0,1.0,0.0,1.0
Joel Farabee,F,Regular Season,2026-27,Calgary Flames,4,0.0,3.0,3.0,6.0,-4.0
Alex Vlasic,D,Regular Season,2026-27,Chicago Blackhawks,5,0.0,2.0,2.0,0.0,1.0
Ryan Greene,F,Regular Season,2026-27,Chicago Blackhawks,5,0.0,1.0,1.0,0.0,2.0
Lane Hutson,D,Regular Season,2026-27,Montréal Canadiens,4,0.0,4.0,4.0,2.0,0.0
Brady Tkachuk,F,Regular Season,2026-27,Florida Panthers,4,0.0,0.0,0.0,7.0,-2.0
Macklin Celebrini,F,Regular Season,2026-27,San Jose Sharks,2,0.0,5.0,5.0,2.0,2.0
Tom Willander,D,Regular Season,2026-27,Vancouver Canucks,5,0.0,3.0,3.0,4.0,-2.0
Jake Oettinger,G,Regular Season,2026-27,Dallas Stars,3,0.0,0.0,,0.0,
A.J. Greer,F,Regular Season,2026-27,Anaheim Ducks,4,0.0,1.0,1.0,4.0,-5.0
Cole Hutson,D,Regular Season,2026-27,Washington Capitals,4,1.0,1.0,2.0,4.0,1.0
Cam Crotty,D,Regular Season,2026-27,Ottawa Senators,2,0.0,0.0,0.0,0.0,1.0
